{
  "frame_number": 5138,
  "timestamp": 171.43793333333335,
  "ball_visibility_score": 0.6764334164991621,
  "video_id": "tcoRi1OxFmo"
}