{
  "frame_number": 5096,
  "timestamp": 170.03653333333332,
  "ball_visibility_score": 0.6989157233070203,
  "video_id": "tcoRi1OxFmo"
}