{
  "frame_number": 3934,
  "timestamp": 131.26446666666666,
  "ball_visibility_score": 0.3537906573425004,
  "video_id": "tcoRi1OxFmo"
}