{
  "frame_number": 4858,
  "timestamp": 162.09526666666667,
  "ball_visibility_score": 0.704988153715902,
  "video_id": "tcoRi1OxFmo"
}