{
  "frame_number": 868,
  "timestamp": 28.962266666666668,
  "ball_visibility_score": 0.48773832560039887,
  "video_id": "tcoRi1OxFmo"
}