{
  "frame_number": 686,
  "timestamp": 22.889533333333333,
  "ball_visibility_score": 0.6865503932206279,
  "video_id": "tcoRi1OxFmo"
}