{
  "frame_number": 5152,
  "timestamp": 171.90506666666667,
  "ball_visibility_score": 0.7393451315696322,
  "video_id": "tcoRi1OxFmo"
}