{
  "frame_number": 5278,
  "timestamp": 176.10926666666666,
  "ball_visibility_score": 0.6244826336590504,
  "video_id": "tcoRi1OxFmo"
}