{
  "frame_number": 714,
  "timestamp": 23.823800000000002,
  "ball_visibility_score": 0.7328583887648299,
  "video_id": "tcoRi1OxFmo"
}