{
  "frame_number": 770,
  "timestamp": 25.692333333333334,
  "ball_visibility_score": 0.6630617371939566,
  "video_id": "tcoRi1OxFmo"
}