{
  "frame_number": 4564,
  "timestamp": 152.28546666666668,
  "ball_visibility_score": 0.42604540051115486,
  "video_id": "tcoRi1OxFmo"
}