{
  "frame_number": 4886,
  "timestamp": 163.02953333333335,
  "ball_visibility_score": 0.6985868700417127,
  "video_id": "tcoRi1OxFmo"
}