{
  "frame_number": 5110,
  "timestamp": 170.50366666666667,
  "ball_visibility_score": 0.7256100658888149,
  "video_id": "tcoRi1OxFmo"
}