{
  "frame_number": 5068,
  "timestamp": 169.10226666666668,
  "ball_visibility_score": 0.7043941002615611,
  "video_id": "tcoRi1OxFmo"
}