{
  "frame_number": 6286,
  "timestamp": 209.74286666666666,
  "ball_visibility_score": 0.5205488890058566,
  "video_id": "tcoRi1OxFmo"
}