{
  "frame_number": 658,
  "timestamp": 21.955266666666667,
  "ball_visibility_score": 0.6288993569634337,
  "video_id": "tcoRi1OxFmo"
}