{
  "frame_number": 4550,
  "timestamp": 151.81833333333333,
  "ball_visibility_score": 0.4384484573084447,
  "video_id": "tcoRi1OxFmo"
}