{
  "frame_number": 3976,
  "timestamp": 132.66586666666666,
  "ball_visibility_score": 0.35606625427804645,
  "video_id": "tcoRi1OxFmo"
}