{
  "frame_number": 3234,
  "timestamp": 107.90780000000001,
  "ball_visibility_score": 0.682441491147139,
  "video_id": "tcoRi1OxFmo"
}