{
  "frame_number": 574,
  "timestamp": 19.152466666666665,
  "ball_visibility_score": 0.708164285578264,
  "video_id": "tcoRi1OxFmo"
}