{
  "frame_number": 5950,
  "timestamp": 198.53166666666667,
  "ball_visibility_score": 0.6683748289914225,
  "video_id": "tcoRi1OxFmo"
}