{
  "frame_number": 6076,
  "timestamp": 202.73586666666668,
  "ball_visibility_score": 0.6746054093339345,
  "video_id": "tcoRi1OxFmo"
}