{
  "frame_number": 6482,
  "timestamp": 216.28273333333334,
  "ball_visibility_score": 0.3937099893030691,
  "video_id": "tcoRi1OxFmo"
}