{
  "frame_number": 5404,
  "timestamp": 180.31346666666667,
  "ball_visibility_score": 0.7299156453209504,
  "video_id": "tcoRi1OxFmo"
}