{
  "frame_number": 6356,
  "timestamp": 212.07853333333333,
  "ball_visibility_score": 0.5642584097307051,
  "video_id": "tcoRi1OxFmo"
}