{
  "frame_number": 448,
  "timestamp": 14.948266666666667,
  "ball_visibility_score": 0.7654280654321058,
  "video_id": "tcoRi1OxFmo"
}