{
  "frame_number": 1358,
  "timestamp": 45.311933333333336,
  "ball_visibility_score": 0.6959865337841975,
  "video_id": "tcoRi1OxFmo"
}