{
  "frame_number": 4942,
  "timestamp": 164.89806666666667,
  "ball_visibility_score": 0.6727427201799215,
  "video_id": "tcoRi1OxFmo"
}