{
  "frame_number": 6398,
  "timestamp": 213.47993333333335,
  "ball_visibility_score": 0.36138807927225286,
  "video_id": "tcoRi1OxFmo"
}