{
  "frame_number": 4984,
  "timestamp": 166.29946666666666,
  "ball_visibility_score": 0.6789880648961856,
  "video_id": "tcoRi1OxFmo"
}