{
  "frame_number": 1946,
  "timestamp": 64.93153333333333,
  "ball_visibility_score": 0.41459086767525133,
  "video_id": "tcoRi1OxFmo"
}