{
  "frame_number": 4046,
  "timestamp": 135.00153333333333,
  "ball_visibility_score": 0.5925339763785922,
  "video_id": "tcoRi1OxFmo"
}