{
  "frame_number": 6104,
  "timestamp": 203.67013333333333,
  "ball_visibility_score": 0.6662109950932754,
  "video_id": "tcoRi1OxFmo"
}