{
  "frame_number": 6020,
  "timestamp": 200.86733333333333,
  "ball_visibility_score": 0.7029653491638959,
  "video_id": "tcoRi1OxFmo"
}