{
  "frame_number": 3794,
  "timestamp": 126.59313333333334,
  "ball_visibility_score": 0.4849656746150241,
  "video_id": "tcoRi1OxFmo"
}