{
  "frame_number": 1274,
  "timestamp": 42.50913333333333,
  "ball_visibility_score": 0.5903388850961068,
  "video_id": "tcoRi1OxFmo"
}