{
  "frame_number": 154,
  "timestamp": 5.138466666666667,
  "ball_visibility_score": 0.728290169437563,
  "video_id": "tcoRi1OxFmo"
}