{
  "frame_number": 6496,
  "timestamp": 216.74986666666666,
  "ball_visibility_score": 0.4458441474272946,
  "video_id": "tcoRi1OxFmo"
}