{
  "frame_number": 4004,
  "timestamp": 133.60013333333333,
  "ball_visibility_score": 0.4612804318794053,
  "video_id": "tcoRi1OxFmo"
}