{
  "frame_number": 6538,
  "timestamp": 218.15126666666666,
  "ball_visibility_score": 0.4994262414696019,
  "video_id": "tcoRi1OxFmo"
}