{
  "frame_number": 1302,
  "timestamp": 43.443400000000004,
  "ball_visibility_score": 0.7016610418550137,
  "video_id": "tcoRi1OxFmo"
}