{
  "frame_number": 2632,
  "timestamp": 87.82106666666667,
  "ball_visibility_score": 0.48104157780858875,
  "video_id": "tcoRi1OxFmo"
}