{
  "frame_number": 6216,
  "timestamp": 207.40720000000002,
  "ball_visibility_score": 0.5460502904756871,
  "video_id": "tcoRi1OxFmo"
}