{
  "frame_number": 1778,
  "timestamp": 59.32593333333333,
  "ball_visibility_score": 0.3288538037061448,
  "video_id": "tcoRi1OxFmo"
}