{
  "frame_number": 4690,
  "timestamp": 156.48966666666666,
  "ball_visibility_score": 0.561761143100471,
  "video_id": "tcoRi1OxFmo"
}