{
  "frame_number": 700,
  "timestamp": 23.356666666666666,
  "ball_visibility_score": 0.6196254810998444,
  "video_id": "tcoRi1OxFmo"
}