{
  "frame_number": 6328,
  "timestamp": 211.14426666666668,
  "ball_visibility_score": 0.605081822681881,
  "video_id": "tcoRi1OxFmo"
}