{
  "frame_number": 6440,
  "timestamp": 214.88133333333334,
  "ball_visibility_score": 0.3257105856145799,
  "video_id": "tcoRi1OxFmo"
}