{
  "frame_number": 6160,
  "timestamp": 205.53866666666667,
  "ball_visibility_score": 0.6343524227130802,
  "video_id": "tcoRi1OxFmo"
}