{
  "frame_number": 4018,
  "timestamp": 134.06726666666668,
  "ball_visibility_score": 0.5508113504262927,
  "video_id": "tcoRi1OxFmo"
}