{
  "frame_number": 182,
  "timestamp": 6.072733333333334,
  "ball_visibility_score": 0.7576186404431504,
  "video_id": "tcoRi1OxFmo"
}