{
  "frame_number": 4634,
  "timestamp": 154.62113333333335,
  "ball_visibility_score": 0.4426780328010741,
  "video_id": "tcoRi1OxFmo"
}