{
  "frame_number": 6468,
  "timestamp": 215.81560000000002,
  "ball_visibility_score": 0.38264944436978754,
  "video_id": "tcoRi1OxFmo"
}