{
  "frame_number": 98,
  "timestamp": 3.2699333333333334,
  "ball_visibility_score": 0.795632678755045,
  "video_id": "tcoRi1OxFmo"
}