{
  "frame_number": 4606,
  "timestamp": 153.68686666666667,
  "ball_visibility_score": 0.5326497973043073,
  "video_id": "tcoRi1OxFmo"
}