{
  "frame_number": 840,
  "timestamp": 28.028000000000002,
  "ball_visibility_score": 0.6114607733457307,
  "video_id": "tcoRi1OxFmo"
}