{
  "frame_number": 5348,
  "timestamp": 178.44493333333332,
  "ball_visibility_score": 0.7278543687052483,
  "video_id": "tcoRi1OxFmo"
}