{
  "frame_number": 5026,
  "timestamp": 167.70086666666666,
  "ball_visibility_score": 0.6716322562975626,
  "video_id": "tcoRi1OxFmo"
}