{
  "frame_number": 6566,
  "timestamp": 219.08553333333333,
  "ball_visibility_score": 0.4482775799930538,
  "video_id": "tcoRi1OxFmo"
}