{
  "frame_number": 6314,
  "timestamp": 210.67713333333333,
  "ball_visibility_score": 0.5731524255073261,
  "video_id": "tcoRi1OxFmo"
}