{
  "frame_number": 196,
  "timestamp": 6.539866666666667,
  "ball_visibility_score": 0.7601372236311663,
  "video_id": "tcoRi1OxFmo"
}