{
  "frame_number": 742,
  "timestamp": 24.758066666666668,
  "ball_visibility_score": 0.5570473683721016,
  "video_id": "tcoRi1OxFmo"
}