{
  "frame_number": 5306,
  "timestamp": 177.04353333333333,
  "ball_visibility_score": 0.706930202022688,
  "video_id": "tcoRi1OxFmo"
}