{
  "frame_number": 560,
  "timestamp": 18.685333333333332,
  "ball_visibility_score": 0.7249639381627903,
  "video_id": "tcoRi1OxFmo"
}