{
  "frame_number": 490,
  "timestamp": 16.349666666666668,
  "ball_visibility_score": 0.7178255147363435,
  "video_id": "tcoRi1OxFmo"
}