{
  "frame_number": 6412,
  "timestamp": 213.94706666666667,
  "ball_visibility_score": 0.4145524864326129,
  "video_id": "tcoRi1OxFmo"
}