{
  "frame_number": 6524,
  "timestamp": 217.68413333333334,
  "ball_visibility_score": 0.42866080250383515,
  "video_id": "tcoRi1OxFmo"
}