{
  "frame_number": 6230,
  "timestamp": 207.87433333333334,
  "ball_visibility_score": 0.5633581726610521,
  "video_id": "tcoRi1OxFmo"
}