{
  "frame_number": 4844,
  "timestamp": 161.62813333333332,
  "ball_visibility_score": 0.6959358482285103,
  "video_id": "tcoRi1OxFmo"
}