{
  "frame_number": 4802,
  "timestamp": 160.22673333333333,
  "ball_visibility_score": 0.5228613767488501,
  "video_id": "tcoRi1OxFmo"
}