{
  "frame_number": 588,
  "timestamp": 19.619600000000002,
  "ball_visibility_score": 0.7320045416789412,
  "video_id": "tcoRi1OxFmo"
}