{
  "frame_number": 140,
  "timestamp": 4.671333333333333,
  "ball_visibility_score": 0.7649387316221408,
  "video_id": "tcoRi1OxFmo"
}