{
  "frame_number": 3304,
  "timestamp": 110.24346666666666,
  "ball_visibility_score": 0.37269804261127637,
  "video_id": "tcoRi1OxFmo"
}