{
  "frame_number": 4508,
  "timestamp": 150.41693333333333,
  "ball_visibility_score": 0.5951440084156517,
  "video_id": "tcoRi1OxFmo"
}