{
  "frame_number": 2730,
  "timestamp": 91.09100000000001,
  "ball_visibility_score": 0.45263894638734553,
  "video_id": "tcoRi1OxFmo"
}