{
  "frame_number": 4816,
  "timestamp": 160.69386666666668,
  "ball_visibility_score": 0.6457905609804865,
  "video_id": "tcoRi1OxFmo"
}