{
  "frame_number": 5012,
  "timestamp": 167.23373333333333,
  "ball_visibility_score": 0.6536463552471503,
  "video_id": "tcoRi1OxFmo"
}