{
  "frame_number": 4648,
  "timestamp": 155.08826666666667,
  "ball_visibility_score": 0.5601980647257636,
  "video_id": "tcoRi1OxFmo"
}