{
  "frame_number": 5852,
  "timestamp": 195.26173333333332,
  "ball_visibility_score": 0.6696675398911791,
  "video_id": "tcoRi1OxFmo"
}