{
  "frame_number": 616,
  "timestamp": 20.553866666666668,
  "ball_visibility_score": 0.6524608893761645,
  "video_id": "tcoRi1OxFmo"
}