{
  "frame_number": 3948,
  "timestamp": 131.73160000000001,
  "ball_visibility_score": 0.3353295112865559,
  "video_id": "tcoRi1OxFmo"
}