{
  "frame_number": 5866,
  "timestamp": 195.72886666666668,
  "ball_visibility_score": 0.5830793033494404,
  "video_id": "tcoRi1OxFmo"
}