{
  "frame_number": 6146,
  "timestamp": 205.07153333333335,
  "ball_visibility_score": 0.6009361884443781,
  "video_id": "tcoRi1OxFmo"
}