{
  "frame_number": 6118,
  "timestamp": 204.13726666666668,
  "ball_visibility_score": 0.6618015693860286,
  "video_id": "tcoRi1OxFmo"
}