{
  "frame_number": 6062,
  "timestamp": 202.26873333333333,
  "ball_visibility_score": 0.6902634136604897,
  "video_id": "tcoRi1OxFmo"
}