{
  "frame_number": 5194,
  "timestamp": 173.30646666666667,
  "ball_visibility_score": 0.7240237849536044,
  "video_id": "tcoRi1OxFmo"
}