{
  "frame_number": 4900,
  "timestamp": 163.49666666666667,
  "ball_visibility_score": 0.6638269139049623,
  "video_id": "tcoRi1OxFmo"
}