{
  "frame_number": 5362,
  "timestamp": 178.91206666666668,
  "ball_visibility_score": 0.7385073955398908,
  "video_id": "tcoRi1OxFmo"
}