{
  "frame_number": 6202,
  "timestamp": 206.94006666666667,
  "ball_visibility_score": 0.6213696874716877,
  "video_id": "tcoRi1OxFmo"
}