{
  "frame_number": 70,
  "timestamp": 2.3356666666666666,
  "ball_visibility_score": 0.760212448762815,
  "video_id": "tcoRi1OxFmo"
}