{
  "frame_number": 6370,
  "timestamp": 212.54566666666668,
  "ball_visibility_score": 0.5872502559307418,
  "video_id": "tcoRi1OxFmo"
}