{
  "frame_number": 6034,
  "timestamp": 201.33446666666666,
  "ball_visibility_score": 0.6418072511170114,
  "video_id": "tcoRi1OxFmo"
}