{
  "frame_number": 6188,
  "timestamp": 206.47293333333334,
  "ball_visibility_score": 0.6127433067984204,
  "video_id": "tcoRi1OxFmo"
}