{
  "frame_number": 5810,
  "timestamp": 193.86033333333333,
  "ball_visibility_score": 0.6461695939174239,
  "video_id": "tcoRi1OxFmo"
}