{
  "frame_number": 5208,
  "timestamp": 173.77360000000002,
  "ball_visibility_score": 0.6941559681126788,
  "video_id": "tcoRi1OxFmo"
}