{
  "frame_number": 5236,
  "timestamp": 174.70786666666666,
  "ball_visibility_score": 0.7207572934550198,
  "video_id": "tcoRi1OxFmo"
}