{
  "frame_number": 5222,
  "timestamp": 174.24073333333334,
  "ball_visibility_score": 0.7210774555246143,
  "video_id": "tcoRi1OxFmo"
}