{
  "frame_number": 4732,
  "timestamp": 157.89106666666666,
  "ball_visibility_score": 0.5111474398362542,
  "video_id": "tcoRi1OxFmo"
}