{
  "frame_number": 3374,
  "timestamp": 112.57913333333333,
  "ball_visibility_score": 0.48016366792115023,
  "video_id": "tcoRi1OxFmo"
}