{
  "frame_number": 5992,
  "timestamp": 199.93306666666666,
  "ball_visibility_score": 0.6867938546681759,
  "video_id": "tcoRi1OxFmo"
}