{
  "frame_number": 4676,
  "timestamp": 156.02253333333334,
  "ball_visibility_score": 0.5194137083835392,
  "video_id": "tcoRi1OxFmo"
}