{
  "frame_number": 4592,
  "timestamp": 153.21973333333332,
  "ball_visibility_score": 0.42926678721848,
  "video_id": "tcoRi1OxFmo"
}