{
  "frame_number": 4718,
  "timestamp": 157.42393333333334,
  "ball_visibility_score": 0.5737533671423046,
  "video_id": "tcoRi1OxFmo"
}