{
  "frame_number": 5908,
  "timestamp": 197.13026666666667,
  "ball_visibility_score": 0.6816406650157198,
  "video_id": "tcoRi1OxFmo"
}