{
  "frame_number": 6454,
  "timestamp": 215.34846666666667,
  "ball_visibility_score": 0.39347394413538544,
  "video_id": "tcoRi1OxFmo"
}