{
  "frame_number": 4928,
  "timestamp": 164.43093333333334,
  "ball_visibility_score": 0.7045440720776973,
  "video_id": "tcoRi1OxFmo"
}