{
  "frame_number": 5978,
  "timestamp": 199.46593333333334,
  "ball_visibility_score": 0.6812344483101714,
  "video_id": "tcoRi1OxFmo"
}