{
  "frame_number": 476,
  "timestamp": 15.882533333333333,
  "ball_visibility_score": 0.726960580866776,
  "video_id": "tcoRi1OxFmo"
}