{
  "frame_number": 518,
  "timestamp": 17.283933333333334,
  "ball_visibility_score": 0.6869275347271732,
  "video_id": "tcoRi1OxFmo"
}