{
  "frame_number": 4956,
  "timestamp": 165.36520000000002,
  "ball_visibility_score": 0.6521367115791067,
  "video_id": "tcoRi1OxFmo"
}