{
  "frame_number": 112,
  "timestamp": 3.7370666666666668,
  "ball_visibility_score": 0.7404348724237086,
  "video_id": "tcoRi1OxFmo"
}