{
  "frame_number": 3808,
  "timestamp": 127.06026666666666,
  "ball_visibility_score": 0.41612890490873217,
  "video_id": "tcoRi1OxFmo"
}