{
  "frame_number": 5054,
  "timestamp": 168.63513333333333,
  "ball_visibility_score": 0.6916050678613281,
  "video_id": "tcoRi1OxFmo"
}