{
  "frame_number": 4970,
  "timestamp": 165.83233333333334,
  "ball_visibility_score": 0.6472432062979573,
  "video_id": "tcoRi1OxFmo"
}