{
  "frame_number": 5936,
  "timestamp": 198.06453333333334,
  "ball_visibility_score": 0.6754518791133756,
  "video_id": "tcoRi1OxFmo"
}