{
  "frame_number": 6244,
  "timestamp": 208.34146666666666,
  "ball_visibility_score": 0.4238616431685688,
  "video_id": "tcoRi1OxFmo"
}