{
  "frame_number": 6272,
  "timestamp": 209.27573333333333,
  "ball_visibility_score": 0.4893444265373296,
  "video_id": "tcoRi1OxFmo"
}