{
  "frame_number": 1834,
  "timestamp": 61.19446666666667,
  "ball_visibility_score": 0.30076173399640693,
  "video_id": "tcoRi1OxFmo"
}