{
  "frame_number": 3626,
  "timestamp": 120.98753333333333,
  "ball_visibility_score": 0.41198307050188543,
  "video_id": "tcoRi1OxFmo"
}