{
  "frame_number": 1330,
  "timestamp": 44.37766666666667,
  "ball_visibility_score": 0.7564617624727121,
  "video_id": "tcoRi1OxFmo"
}