{
  "frame_number": 728,
  "timestamp": 24.290933333333335,
  "ball_visibility_score": 0.6204777466608887,
  "video_id": "tcoRi1OxFmo"
}