{
  "frame_number": 1316,
  "timestamp": 43.91053333333333,
  "ball_visibility_score": 0.7569451092800087,
  "video_id": "tcoRi1OxFmo"
}