{
  "frame_number": 826,
  "timestamp": 27.560866666666666,
  "ball_visibility_score": 0.6568043361958302,
  "video_id": "tcoRi1OxFmo"
}