{
  "frame_number": 854,
  "timestamp": 28.495133333333335,
  "ball_visibility_score": 0.3484571589394931,
  "video_id": "tcoRi1OxFmo"
}