{
  "frame_number": 5964,
  "timestamp": 198.99880000000002,
  "ball_visibility_score": 0.69069110709378,
  "video_id": "tcoRi1OxFmo"
}