{
  "frame_number": 56,
  "timestamp": 1.8685333333333334,
  "ball_visibility_score": 0.7671090181182832,
  "video_id": "tcoRi1OxFmo"
}