{
  "frame_number": 644,
  "timestamp": 21.488133333333334,
  "ball_visibility_score": 0.70589766710434,
  "video_id": "tcoRi1OxFmo"
}