{
  "frame_number": 4704,
  "timestamp": 156.95680000000002,
  "ball_visibility_score": 0.53374282217429,
  "video_id": "tcoRi1OxFmo"
}