{
  "frame_number": 5180,
  "timestamp": 172.83933333333334,
  "ball_visibility_score": 0.7151174572796177,
  "video_id": "tcoRi1OxFmo"
}