{
  "frame_number": 5390,
  "timestamp": 179.84633333333335,
  "ball_visibility_score": 0.7394369986638439,
  "video_id": "tcoRi1OxFmo"
}