{
  "frame_number": 812,
  "timestamp": 27.093733333333333,
  "ball_visibility_score": 0.5781048573151517,
  "video_id": "tcoRi1OxFmo"
}