{
  "frame_number": 5824,
  "timestamp": 194.32746666666668,
  "ball_visibility_score": 0.5777417982387085,
  "video_id": "tcoRi1OxFmo"
}