{
  "frame_number": 1288,
  "timestamp": 42.97626666666667,
  "ball_visibility_score": 0.7309223694183411,
  "video_id": "tcoRi1OxFmo"
}