{
  "frame_number": 532,
  "timestamp": 17.751066666666667,
  "ball_visibility_score": 0.6431429693481262,
  "video_id": "tcoRi1OxFmo"
}