{
  "frame_number": 28,
  "timestamp": 0.9342666666666667,
  "ball_visibility_score": 0.785552582986382,
  "video_id": "tcoRi1OxFmo"
}