{
  "frame_number": 4760,
  "timestamp": 158.82533333333333,
  "ball_visibility_score": 0.43376192280817205,
  "video_id": "tcoRi1OxFmo"
}