{
  "frame_number": 5264,
  "timestamp": 175.64213333333333,
  "ball_visibility_score": 0.6197755662004516,
  "video_id": "tcoRi1OxFmo"
}