{
  "frame_number": 1750,
  "timestamp": 58.391666666666666,
  "ball_visibility_score": 0.4979582935729496,
  "video_id": "tcoRi1OxFmo"
}