{
  "frame_number": 5894,
  "timestamp": 196.66313333333335,
  "ball_visibility_score": 0.6562400806241734,
  "video_id": "tcoRi1OxFmo"
}