{
  "frame_number": 784,
  "timestamp": 26.159466666666667,
  "ball_visibility_score": 0.6695613799191529,
  "video_id": "tcoRi1OxFmo"
}