{
  "frame_number": 4060,
  "timestamp": 135.46866666666668,
  "ball_visibility_score": 0.43941149599348117,
  "video_id": "tcoRi1OxFmo"
}