{
  "frame_number": 2786,
  "timestamp": 92.95962629295963,
  "ball_visibility_score": 0.41106994568940125,
  "video_id": "2fbO9AKTPnI"
}