{
  "frame_number": 4802,
  "timestamp": 160.2268935602269,
  "ball_visibility_score": 0.5604566312988719,
  "video_id": "2fbO9AKTPnI"
}