{
  "frame_number": 2492,
  "timestamp": 83.14981648314982,
  "ball_visibility_score": 0.45692655208963495,
  "video_id": "2fbO9AKTPnI"
}