{
  "frame_number": 4438,
  "timestamp": 148.08141474808141,
  "ball_visibility_score": 0.5315239792235706,
  "video_id": "2fbO9AKTPnI"
}