{
  "frame_number": 4914,
  "timestamp": 163.96396396396398,
  "ball_visibility_score": 0.5597609490024918,
  "video_id": "2fbO9AKTPnI"
}