{
  "frame_number": 2184,
  "timestamp": 72.87287287287288,
  "ball_visibility_score": 0.6755632423269309,
  "video_id": "2fbO9AKTPnI"
}