{
  "frame_number": 2828,
  "timestamp": 94.36102769436103,
  "ball_visibility_score": 0.3216130518729665,
  "video_id": "2fbO9AKTPnI"
}