{
  "frame_number": 4830,
  "timestamp": 161.16116116116117,
  "ball_visibility_score": 0.31719931591674216,
  "video_id": "2fbO9AKTPnI"
}