{
  "frame_number": 5432,
  "timestamp": 181.24791458124793,
  "ball_visibility_score": 0.5261955740344364,
  "video_id": "2fbO9AKTPnI"
}