{
  "frame_number": 3654,
  "timestamp": 121.92192192192192,
  "ball_visibility_score": 0.42738116178042396,
  "video_id": "2fbO9AKTPnI"
}