{
  "frame_number": 4494,
  "timestamp": 149.94994994994997,
  "ball_visibility_score": 0.5547080590539866,
  "video_id": "2fbO9AKTPnI"
}