{
  "frame_number": 3668,
  "timestamp": 122.38905572238906,
  "ball_visibility_score": 0.42738116178042396,
  "video_id": "2fbO9AKTPnI"
}