{
  "frame_number": 4774,
  "timestamp": 159.29262595929262,
  "ball_visibility_score": 0.4383471755307306,
  "video_id": "2fbO9AKTPnI"
}