{
  "frame_number": 5166,
  "timestamp": 172.37237237237238,
  "ball_visibility_score": 0.6557901531230936,
  "video_id": "2fbO9AKTPnI"
}