{
  "frame_number": 5586,
  "timestamp": 186.3863863863864,
  "ball_visibility_score": 0.3902968658637183,
  "video_id": "2fbO9AKTPnI"
}