{
  "frame_number": 4788,
  "timestamp": 159.75975975975976,
  "ball_visibility_score": 0.4686168601284095,
  "video_id": "2fbO9AKTPnI"
}