{
  "frame_number": 2702,
  "timestamp": 90.15682349015682,
  "ball_visibility_score": 0.41106994568940125,
  "video_id": "2fbO9AKTPnI"
}