{
  "frame_number": 5404,
  "timestamp": 180.31364698031365,
  "ball_visibility_score": 0.4514659331513816,
  "video_id": "2fbO9AKTPnI"
}