{
  "frame_number": 1764,
  "timestamp": 58.85885885885886,
  "ball_visibility_score": 0.42465594498372605,
  "video_id": "2fbO9AKTPnI"
}