{
  "frame_number": 1918,
  "timestamp": 63.99733066399733,
  "ball_visibility_score": 0.3036701585676899,
  "video_id": "2fbO9AKTPnI"
}