{
  "frame_number": 728,
  "timestamp": 24.290957624290957,
  "ball_visibility_score": 0.4157604057835819,
  "video_id": "2fbO9AKTPnI"
}