{
  "frame_number": 2632,
  "timestamp": 87.82115448782116,
  "ball_visibility_score": 0.41392400500361987,
  "video_id": "2fbO9AKTPnI"
}