{
  "frame_number": 5110,
  "timestamp": 170.50383717050386,
  "ball_visibility_score": 0.469452402547469,
  "video_id": "2fbO9AKTPnI"
}