{
  "frame_number": 742,
  "timestamp": 24.758091424758092,
  "ball_visibility_score": 0.43836058196119876,
  "video_id": "2fbO9AKTPnI"
}