{
  "frame_number": 1624,
  "timestamp": 54.187520854187525,
  "ball_visibility_score": 0.5058992651180246,
  "video_id": "2fbO9AKTPnI"
}