{
  "frame_number": 1120,
  "timestamp": 37.37070403737071,
  "ball_visibility_score": 0.3286838633424346,
  "video_id": "2fbO9AKTPnI"
}