{
  "frame_number": 5488,
  "timestamp": 183.11644978311645,
  "ball_visibility_score": 0.528047320562812,
  "video_id": "2fbO9AKTPnI"
}