{
  "frame_number": 2800,
  "timestamp": 93.42676009342676,
  "ball_visibility_score": 0.41106994568940125,
  "video_id": "2fbO9AKTPnI"
}