{
  "frame_number": 4886,
  "timestamp": 163.0296963630297,
  "ball_visibility_score": 0.33406211188075097,
  "video_id": "2fbO9AKTPnI"
}