{
  "frame_number": 2282,
  "timestamp": 76.14280947614282,
  "ball_visibility_score": 0.695926753898449,
  "video_id": "2fbO9AKTPnI"
}