{
  "frame_number": 3682,
  "timestamp": 122.8561895228562,
  "ball_visibility_score": 0.42738116178042396,
  "video_id": "2fbO9AKTPnI"
}