{
  "frame_number": 2884,
  "timestamp": 96.22956289622957,
  "ball_visibility_score": 0.39065794009220045,
  "video_id": "2fbO9AKTPnI"
}