{
  "frame_number": 5306,
  "timestamp": 177.0437103770437,
  "ball_visibility_score": 0.3506627255353772,
  "video_id": "2fbO9AKTPnI"
}