{
  "frame_number": 3822,
  "timestamp": 127.52752752752754,
  "ball_visibility_score": 0.45271865968971314,
  "video_id": "2fbO9AKTPnI"
}