{
  "frame_number": 5180,
  "timestamp": 172.83950617283952,
  "ball_visibility_score": 0.4053516777220132,
  "video_id": "2fbO9AKTPnI"
}