{
  "frame_number": 2478,
  "timestamp": 82.68268268268268,
  "ball_visibility_score": 0.45692655208963495,
  "video_id": "2fbO9AKTPnI"
}