{
  "frame_number": 5138,
  "timestamp": 171.4381047714381,
  "ball_visibility_score": 0.5876013602888495,
  "video_id": "2fbO9AKTPnI"
}