{
  "frame_number": 4074,
  "timestamp": 135.93593593593593,
  "ball_visibility_score": 0.36142737855693624,
  "video_id": "2fbO9AKTPnI"
}