{
  "frame_number": 5278,
  "timestamp": 176.10944277610946,
  "ball_visibility_score": 0.3937696471450582,
  "video_id": "2fbO9AKTPnI"
}