{
  "frame_number": 3640,
  "timestamp": 121.4547881214548,
  "ball_visibility_score": 0.42738116178042396,
  "video_id": "2fbO9AKTPnI"
}