{
  "frame_number": 4760,
  "timestamp": 158.8254921588255,
  "ball_visibility_score": 0.45239085917614796,
  "video_id": "2fbO9AKTPnI"
}