{
  "frame_number": 5096,
  "timestamp": 170.03670337003672,
  "ball_visibility_score": 0.4522627421561355,
  "video_id": "2fbO9AKTPnI"
}