{
  "frame_number": 5516,
  "timestamp": 184.05071738405073,
  "ball_visibility_score": 0.5817677725277779,
  "video_id": "2fbO9AKTPnI"
}