{
  "frame_number": 5208,
  "timestamp": 173.77377377377377,
  "ball_visibility_score": 0.4686573861490519,
  "video_id": "2fbO9AKTPnI"
}