{
  "frame_number": 3612,
  "timestamp": 120.52052052052052,
  "ball_visibility_score": 0.42738116178042396,
  "video_id": "2fbO9AKTPnI"
}