{
  "frame_number": 2310,
  "timestamp": 77.07707707707708,
  "ball_visibility_score": 0.689495048618506,
  "video_id": "2fbO9AKTPnI"
}