{
  "frame_number": 3766,
  "timestamp": 125.658992325659,
  "ball_visibility_score": 0.3612006708936034,
  "video_id": "2fbO9AKTPnI"
}