{
  "frame_number": 2268,
  "timestamp": 75.67567567567568,
  "ball_visibility_score": 0.7179889911887066,
  "video_id": "2fbO9AKTPnI"
}