{
  "frame_number": 4858,
  "timestamp": 162.09542876209542,
  "ball_visibility_score": 0.3869126450474384,
  "video_id": "2fbO9AKTPnI"
}