{
  "frame_number": 4228,
  "timestamp": 141.07440774107442,
  "ball_visibility_score": 0.40407565630862874,
  "video_id": "2fbO9AKTPnI"
}