{
  "frame_number": 4872,
  "timestamp": 162.56256256256256,
  "ball_visibility_score": 0.30353985444850884,
  "video_id": "2fbO9AKTPnI"
}