{
  "frame_number": 2534,
  "timestamp": 84.55121788455122,
  "ball_visibility_score": 0.4348459101869058,
  "video_id": "2fbO9AKTPnI"
}