{
  "frame_number": 5600,
  "timestamp": 186.85352018685353,
  "ball_visibility_score": 0.4263515740130186,
  "video_id": "2fbO9AKTPnI"
}