{
  "frame_number": 2296,
  "timestamp": 76.60994327660994,
  "ball_visibility_score": 0.6911078761513783,
  "video_id": "2fbO9AKTPnI"
}