{
  "frame_number": 6048,
  "timestamp": 201.80180180180182,
  "ball_visibility_score": 0.6613411892633763,
  "video_id": "2fbO9AKTPnI"
}