{
  "frame_number": 1134,
  "timestamp": 37.83783783783784,
  "ball_visibility_score": 0.35097150300527974,
  "video_id": "2fbO9AKTPnI"
}