{
  "frame_number": 1316,
  "timestamp": 43.91057724391058,
  "ball_visibility_score": 0.41549984014960173,
  "video_id": "2fbO9AKTPnI"
}