{
  "frame_number": 6062,
  "timestamp": 202.26893560226895,
  "ball_visibility_score": 0.7372596746976589,
  "video_id": "2fbO9AKTPnI"
}