{
  "frame_number": 4466,
  "timestamp": 149.0156823490157,
  "ball_visibility_score": 0.5677191519325685,
  "video_id": "2fbO9AKTPnI"
}