{
  "frame_number": 5194,
  "timestamp": 173.30663997330666,
  "ball_visibility_score": 0.7274847205421019,
  "video_id": "2fbO9AKTPnI"
}