{
  "frame_number": 1078,
  "timestamp": 35.969302635969306,
  "ball_visibility_score": 0.5316427964743078,
  "video_id": "2fbO9AKTPnI"
}