{
  "frame_number": 4522,
  "timestamp": 150.88421755088422,
  "ball_visibility_score": 0.5905243993786957,
  "video_id": "2fbO9AKTPnI"
}