{
  "frame_number": 2590,
  "timestamp": 86.41975308641976,
  "ball_visibility_score": 0.5793369117756271,
  "video_id": "2fbO9AKTPnI"
}