{
  "frame_number": 2996,
  "timestamp": 99.96663329996663,
  "ball_visibility_score": 0.6298204884289854,
  "video_id": "2fbO9AKTPnI"
}