{
  "frame_number": 4088,
  "timestamp": 136.40306973640307,
  "ball_visibility_score": 0.4307501891994899,
  "video_id": "2fbO9AKTPnI"
}