{
  "frame_number": 5530,
  "timestamp": 184.51785118451787,
  "ball_visibility_score": 0.5850281354543694,
  "video_id": "2fbO9AKTPnI"
}