{
  "frame_number": 5390,
  "timestamp": 179.8465131798465,
  "ball_visibility_score": 0.5260535103803212,
  "video_id": "2fbO9AKTPnI"
}