{
  "frame_number": 2870,
  "timestamp": 95.76242909576243,
  "ball_visibility_score": 0.47096891661939166,
  "video_id": "2fbO9AKTPnI"
}