{
  "frame_number": 1008,
  "timestamp": 33.633633633633636,
  "ball_visibility_score": 0.4596641415561837,
  "video_id": "2fbO9AKTPnI"
}