{
  "frame_number": 1750,
  "timestamp": 58.39172505839173,
  "ball_visibility_score": 0.5920236303939233,
  "video_id": "2fbO9AKTPnI"
}