{
  "frame_number": 5264,
  "timestamp": 175.64230897564232,
  "ball_visibility_score": 0.5715859328756289,
  "video_id": "2fbO9AKTPnI"
}