{
  "frame_number": 3962,
  "timestamp": 132.19886553219888,
  "ball_visibility_score": 0.3222964493523478,
  "video_id": "2fbO9AKTPnI"
}