{
  "frame_number": 2744,
  "timestamp": 91.55822489155823,
  "ball_visibility_score": 0.41106994568940125,
  "video_id": "2fbO9AKTPnI"
}