{
  "frame_number": 4606,
  "timestamp": 153.68702035368702,
  "ball_visibility_score": 0.4158952569377456,
  "video_id": "2fbO9AKTPnI"
}