{
  "frame_number": 2520,
  "timestamp": 84.08408408408408,
  "ball_visibility_score": 0.33422544259383163,
  "video_id": "2fbO9AKTPnI"
}