{
  "frame_number": 5418,
  "timestamp": 180.7807807807808,
  "ball_visibility_score": 0.406357613143778,
  "video_id": "2fbO9AKTPnI"
}