{
  "frame_number": 4620,
  "timestamp": 154.15415415415416,
  "ball_visibility_score": 0.32470621304990016,
  "video_id": "2fbO9AKTPnI"
}