{
  "frame_number": 1330,
  "timestamp": 44.37771104437771,
  "ball_visibility_score": 0.35517315989787596,
  "video_id": "2fbO9AKTPnI"
}