{
  "frame_number": 2758,
  "timestamp": 92.02535869202536,
  "ball_visibility_score": 0.41106994568940125,
  "video_id": "2fbO9AKTPnI"
}