{
  "frame_number": 4312,
  "timestamp": 143.87721054387723,
  "ball_visibility_score": 0.3556255949356121,
  "video_id": "2fbO9AKTPnI"
}