{
  "frame_number": 1680,
  "timestamp": 56.05605605605606,
  "ball_visibility_score": 0.44002739062610624,
  "video_id": "2fbO9AKTPnI"
}