{
  "frame_number": 4214,
  "timestamp": 140.60727394060729,
  "ball_visibility_score": 0.4103954864114819,
  "video_id": "2fbO9AKTPnI"
}