{
  "frame_number": 1162,
  "timestamp": 38.77210543877211,
  "ball_visibility_score": 0.46346294152971235,
  "video_id": "2fbO9AKTPnI"
}