{
  "frame_number": 5460,
  "timestamp": 182.1821821821822,
  "ball_visibility_score": 0.43335365099781786,
  "video_id": "2fbO9AKTPnI"
}