{
  "frame_number": 2254,
  "timestamp": 75.20854187520854,
  "ball_visibility_score": 0.6956950073557012,
  "video_id": "2fbO9AKTPnI"
}