{
  "frame_number": 2898,
  "timestamp": 96.6966966966967,
  "ball_visibility_score": 0.3825982582195574,
  "video_id": "2fbO9AKTPnI"
}