{
  "frame_number": 2506,
  "timestamp": 83.61695028361696,
  "ball_visibility_score": 0.4417158332726687,
  "video_id": "2fbO9AKTPnI"
}