{
  "frame_number": 4536,
  "timestamp": 151.35135135135135,
  "ball_visibility_score": 0.5339236103297629,
  "video_id": "2fbO9AKTPnI"
}