{
  "frame_number": 2562,
  "timestamp": 85.48548548548548,
  "ball_visibility_score": 0.4637149340472215,
  "video_id": "2fbO9AKTPnI"
}