{
  "frame_number": 3178,
  "timestamp": 106.03937270603937,
  "ball_visibility_score": 0.33818644506811707,
  "video_id": "2fbO9AKTPnI"
}