{
  "frame_number": 4480,
  "timestamp": 149.48281614948283,
  "ball_visibility_score": 0.5795724050840462,
  "video_id": "2fbO9AKTPnI"
}