{
  "frame_number": 2772,
  "timestamp": 92.4924924924925,
  "ball_visibility_score": 0.41106994568940125,
  "video_id": "2fbO9AKTPnI"
}