{
  "frame_number": 5292,
  "timestamp": 176.57657657657657,
  "ball_visibility_score": 0.37109430373915536,
  "video_id": "2fbO9AKTPnI"
}