{
  "frame_number": 4900,
  "timestamp": 163.49683016349684,
  "ball_visibility_score": 0.3328234234505087,
  "video_id": "2fbO9AKTPnI"
}