{
  "frame_number": 4816,
  "timestamp": 160.69402736069404,
  "ball_visibility_score": 0.4978839269759584,
  "video_id": "2fbO9AKTPnI"
}