{
  "frame_number": 5502,
  "timestamp": 183.5835835835836,
  "ball_visibility_score": 0.5724683725471313,
  "video_id": "2fbO9AKTPnI"
}