{
  "frame_number": 2716,
  "timestamp": 90.62395729062396,
  "ball_visibility_score": 0.41106994568940125,
  "video_id": "2fbO9AKTPnI"
}