{
  "frame_number": 4508,
  "timestamp": 150.41708375041708,
  "ball_visibility_score": 0.5640502068108331,
  "video_id": "2fbO9AKTPnI"
}