{
  "frame_number": 5124,
  "timestamp": 170.97097097097097,
  "ball_visibility_score": 0.6452668977552447,
  "video_id": "2fbO9AKTPnI"
}