{
  "frame_number": 2240,
  "timestamp": 74.74140807474141,
  "ball_visibility_score": 0.6712866203216084,
  "video_id": "2fbO9AKTPnI"
}