{
  "frame_number": 3542,
  "timestamp": 118.18485151818486,
  "ball_visibility_score": 0.4495094008607525,
  "video_id": "2fbO9AKTPnI"
}