{
  "frame_number": 5614,
  "timestamp": 187.32065398732067,
  "ball_visibility_score": 0.5204876300592415,
  "video_id": "2fbO9AKTPnI"
}