{
  "frame_number": 2170,
  "timestamp": 72.40573907240574,
  "ball_visibility_score": 0.43220080887363627,
  "video_id": "2fbO9AKTPnI"
}