{
  "frame_number": 2730,
  "timestamp": 91.0910910910911,
  "ball_visibility_score": 0.41106994568940125,
  "video_id": "2fbO9AKTPnI"
}