{
  "frame_number": 2226,
  "timestamp": 74.27427427427428,
  "ball_visibility_score": 0.5656921858176592,
  "video_id": "2fbO9AKTPnI"
}