{
  "frame_number": 5250,
  "timestamp": 175.17517517517518,
  "ball_visibility_score": 0.5403876338746622,
  "video_id": "2fbO9AKTPnI"
}