{
  "frame_number": 4452,
  "timestamp": 148.54854854854855,
  "ball_visibility_score": 0.47640664233772967,
  "video_id": "2fbO9AKTPnI"
}