{
  "frame_number": 2576,
  "timestamp": 85.95261928595262,
  "ball_visibility_score": 0.4637149340472215,
  "video_id": "2fbO9AKTPnI"
}