{
  "frame_number": 1246,
  "timestamp": 41.57490824157491,
  "ball_visibility_score": 0.31653136311021235,
  "video_id": "2fbO9AKTPnI"
}