{
  "frame_number": 5348,
  "timestamp": 178.44511177844512,
  "ball_visibility_score": 0.4034478860953699,
  "video_id": "2fbO9AKTPnI"
}