{
  "frame_number": 2926,
  "timestamp": 97.63096429763097,
  "ball_visibility_score": 0.46509039113825695,
  "video_id": "2fbO9AKTPnI"
}