{
  "frame_number": 3010,
  "timestamp": 100.43376710043377,
  "ball_visibility_score": 0.4635737592123364,
  "video_id": "2fbO9AKTPnI"
}