{
  "frame_number": 5446,
  "timestamp": 181.71504838171506,
  "ball_visibility_score": 0.41415453740244074,
  "video_id": "2fbO9AKTPnI"
}