{
  "frame_number": 5236,
  "timestamp": 174.70804137470805,
  "ball_visibility_score": 0.4192022479709498,
  "video_id": "2fbO9AKTPnI"
}