{
  "frame_number": 6076,
  "timestamp": 202.73606940273606,
  "ball_visibility_score": 0.642988221553436,
  "video_id": "2fbO9AKTPnI"
}