{
  "frame_number": 5810,
  "timestamp": 193.86052719386055,
  "ball_visibility_score": 0.3358187562464273,
  "video_id": "2fbO9AKTPnI"
}