{
  "frame_number": 3920,
  "timestamp": 130.79746413079747,
  "ball_visibility_score": 0.30800085165897734,
  "video_id": "2fbO9AKTPnI"
}