{
  "frame_number": 4200,
  "timestamp": 140.14014014014015,
  "ball_visibility_score": 0.36079064928789417,
  "video_id": "2fbO9AKTPnI"
}