{
  "frame_number": 5082,
  "timestamp": 169.56956956956958,
  "ball_visibility_score": 0.5020337905891733,
  "video_id": "2fbO9AKTPnI"
}