{
  "frame_number": 5068,
  "timestamp": 169.10243576910244,
  "ball_visibility_score": 0.49366797867071666,
  "video_id": "2fbO9AKTPnI"
}