{
  "frame_number": 3626,
  "timestamp": 120.98765432098766,
  "ball_visibility_score": 0.42738116178042396,
  "video_id": "2fbO9AKTPnI"
}