{
  "frame_number": 2212,
  "timestamp": 73.80714047380714,
  "ball_visibility_score": 0.5586602999780196,
  "video_id": "2fbO9AKTPnI"
}