{
  "frame_number": 2982,
  "timestamp": 99.4994994994995,
  "ball_visibility_score": 0.4999746266901082,
  "video_id": "2fbO9AKTPnI"
}