{
  "frame_number": 4032,
  "timestamp": 134.53453453453454,
  "ball_visibility_score": 0.4054292476140057,
  "video_id": "2fbO9AKTPnI"
}