{
  "frame_number": 5222,
  "timestamp": 174.2409075742409,
  "ball_visibility_score": 0.5227806362330825,
  "video_id": "2fbO9AKTPnI"
}