{
  "frame_number": 5320,
  "timestamp": 177.51084417751085,
  "ball_visibility_score": 0.3498735095061121,
  "video_id": "2fbO9AKTPnI"
}