{
  "frame_number": 98,
  "timestamp": 3.2699333333333334,
  "ball_visibility_score": 0.8520192037802429,
  "video_id": "Dwjtb5NRI5o"
}