{
  "frame_number": 5096,
  "timestamp": 170.03653333333332,
  "ball_visibility_score": 0.5070810442110352,
  "video_id": "Dwjtb5NRI5o"
}