{
  "frame_number": 4130,
  "timestamp": 137.80433333333335,
  "ball_visibility_score": 0.4886328817298313,
  "video_id": "Dwjtb5NRI5o"
}