{
  "frame_number": 6076,
  "timestamp": 202.73586666666668,
  "ball_visibility_score": 0.30282408877462424,
  "video_id": "Dwjtb5NRI5o"
}