{
  "frame_number": 518,
  "timestamp": 17.283933333333334,
  "ball_visibility_score": 0.3431573048137513,
  "video_id": "Dwjtb5NRI5o"
}