{
  "frame_number": 4900,
  "timestamp": 163.49666666666667,
  "ball_visibility_score": 0.41641190427197405,
  "video_id": "Dwjtb5NRI5o"
}