{
  "frame_number": 322,
  "timestamp": 10.744066666666667,
  "ball_visibility_score": 0.41245134668285766,
  "video_id": "Dwjtb5NRI5o"
}