{
  "frame_number": 4648,
  "timestamp": 155.08826666666667,
  "ball_visibility_score": 0.474664634733289,
  "video_id": "Dwjtb5NRI5o"
}