{
  "frame_number": 854,
  "timestamp": 28.495133333333335,
  "ball_visibility_score": 0.5481187460778105,
  "video_id": "Dwjtb5NRI5o"
}