{
  "frame_number": 5446,
  "timestamp": 181.71486666666667,
  "ball_visibility_score": 0.631345868555508,
  "video_id": "Dwjtb5NRI5o"
}