{
  "frame_number": 6314,
  "timestamp": 210.67713333333333,
  "ball_visibility_score": 0.4291043341630066,
  "video_id": "Dwjtb5NRI5o"
}