{
  "frame_number": 4718,
  "timestamp": 157.42393333333334,
  "ball_visibility_score": 0.35174452226614994,
  "video_id": "Dwjtb5NRI5o"
}