{
  "frame_number": 3934,
  "timestamp": 131.26446666666666,
  "ball_visibility_score": 0.39079487386178335,
  "video_id": "Dwjtb5NRI5o"
}