{
  "frame_number": 3010,
  "timestamp": 100.43366666666667,
  "ball_visibility_score": 0.3502781055765411,
  "video_id": "Dwjtb5NRI5o"
}