{
  "frame_number": 3052,
  "timestamp": 101.83506666666666,
  "ball_visibility_score": 0.366549811565228,
  "video_id": "Dwjtb5NRI5o"
}