{
  "frame_number": 1974,
  "timestamp": 65.86580000000001,
  "ball_visibility_score": 0.5090864109245852,
  "video_id": "Dwjtb5NRI5o"
}