{
  "frame_number": 2618,
  "timestamp": 87.35393333333333,
  "ball_visibility_score": 0.535719203205334,
  "video_id": "Dwjtb5NRI5o"
}