{
  "frame_number": 4340,
  "timestamp": 144.81133333333332,
  "ball_visibility_score": 0.4871240014862425,
  "video_id": "Dwjtb5NRI5o"
}