{
  "frame_number": 3080,
  "timestamp": 102.76933333333334,
  "ball_visibility_score": 0.4326300614842117,
  "video_id": "Dwjtb5NRI5o"
}