{
  "frame_number": 994,
  "timestamp": 33.166466666666665,
  "ball_visibility_score": 0.34905676794635526,
  "video_id": "Dwjtb5NRI5o"
}