{
  "frame_number": 4592,
  "timestamp": 153.21973333333332,
  "ball_visibility_score": 0.5447031413417246,
  "video_id": "Dwjtb5NRI5o"
}