{
  "frame_number": 952,
  "timestamp": 31.765066666666666,
  "ball_visibility_score": 0.5357342713048343,
  "video_id": "Dwjtb5NRI5o"
}