{
  "frame_number": 196,
  "timestamp": 6.539866666666667,
  "ball_visibility_score": 0.8543106068429438,
  "video_id": "Dwjtb5NRI5o"
}