{
  "frame_number": 658,
  "timestamp": 21.955266666666667,
  "ball_visibility_score": 0.3856499506051037,
  "video_id": "Dwjtb5NRI5o"
}