{
  "frame_number": 448,
  "timestamp": 14.948266666666667,
  "ball_visibility_score": 0.417544574546853,
  "video_id": "Dwjtb5NRI5o"
}