{
  "frame_number": 784,
  "timestamp": 26.159466666666667,
  "ball_visibility_score": 0.30222046400293473,
  "video_id": "Dwjtb5NRI5o"
}