{
  "frame_number": 840,
  "timestamp": 28.028000000000002,
  "ball_visibility_score": 0.49335433119200156,
  "video_id": "Dwjtb5NRI5o"
}