{
  "frame_number": 4970,
  "timestamp": 165.83233333333334,
  "ball_visibility_score": 0.555267379468639,
  "video_id": "Dwjtb5NRI5o"
}