{
  "frame_number": 4060,
  "timestamp": 135.46866666666668,
  "ball_visibility_score": 0.5051847879372603,
  "video_id": "Dwjtb5NRI5o"
}