{
  "frame_number": 2450,
  "timestamp": 81.74833333333333,
  "ball_visibility_score": 0.30754822599984666,
  "video_id": "Dwjtb5NRI5o"
}