{
  "frame_number": 154,
  "timestamp": 5.138466666666667,
  "ball_visibility_score": 0.8543106068429438,
  "video_id": "Dwjtb5NRI5o"
}