{
  "frame_number": 1106,
  "timestamp": 36.903533333333336,
  "ball_visibility_score": 0.5689806778699902,
  "video_id": "Dwjtb5NRI5o"
}