{
  "frame_number": 238,
  "timestamp": 7.9412666666666665,
  "ball_visibility_score": 0.8543106068429438,
  "video_id": "Dwjtb5NRI5o"
}