{
  "frame_number": 2072,
  "timestamp": 69.13573333333333,
  "ball_visibility_score": 0.3013549463946602,
  "video_id": "Dwjtb5NRI5o"
}