{
  "frame_number": 6538,
  "timestamp": 218.15126666666666,
  "ball_visibility_score": 0.41609369432971943,
  "video_id": "Dwjtb5NRI5o"
}