{
  "frame_number": 3920,
  "timestamp": 130.79733333333334,
  "ball_visibility_score": 0.5966065831008632,
  "video_id": "Dwjtb5NRI5o"
}