{
  "frame_number": 4102,
  "timestamp": 136.87006666666667,
  "ball_visibility_score": 0.41514306428511727,
  "video_id": "Dwjtb5NRI5o"
}