{
  "frame_number": 4452,
  "timestamp": 148.54840000000002,
  "ball_visibility_score": 0.46208173754483256,
  "video_id": "Dwjtb5NRI5o"
}