{
  "frame_number": 1918,
  "timestamp": 63.99726666666667,
  "ball_visibility_score": 0.3411224876957953,
  "video_id": "Dwjtb5NRI5o"
}