{
  "frame_number": 4732,
  "timestamp": 157.89106666666666,
  "ball_visibility_score": 0.3037454484588033,
  "video_id": "Dwjtb5NRI5o"
}