{
  "frame_number": 3948,
  "timestamp": 131.73160000000001,
  "ball_visibility_score": 0.4475462730553221,
  "video_id": "Dwjtb5NRI5o"
}