{
  "frame_number": 5194,
  "timestamp": 173.30646666666667,
  "ball_visibility_score": 0.3588922397653005,
  "video_id": "Dwjtb5NRI5o"
}