{
  "frame_number": 182,
  "timestamp": 6.072733333333334,
  "ball_visibility_score": 0.8543106068429438,
  "video_id": "Dwjtb5NRI5o"
}