{
  "frame_number": 3346,
  "timestamp": 111.64486666666667,
  "ball_visibility_score": 0.4012759772301987,
  "video_id": "Dwjtb5NRI5o"
}