{
  "frame_number": 6230,
  "timestamp": 207.87433333333334,
  "ball_visibility_score": 0.3086048996466078,
  "video_id": "Dwjtb5NRI5o"
}