{
  "frame_number": 4424,
  "timestamp": 147.61413333333334,
  "ball_visibility_score": 0.46174740987590723,
  "video_id": "Dwjtb5NRI5o"
}