{
  "frame_number": 4438,
  "timestamp": 148.08126666666666,
  "ball_visibility_score": 0.459946553808408,
  "video_id": "Dwjtb5NRI5o"
}