{
  "frame_number": 2590,
  "timestamp": 86.41966666666667,
  "ball_visibility_score": 0.5411724416857299,
  "video_id": "Dwjtb5NRI5o"
}