{
  "frame_number": 5684,
  "timestamp": 189.65613333333334,
  "ball_visibility_score": 0.31635012513291544,
  "video_id": "Dwjtb5NRI5o"
}