{
  "frame_number": 4928,
  "timestamp": 164.43093333333334,
  "ball_visibility_score": 0.5081064932511904,
  "video_id": "Dwjtb5NRI5o"
}