{
  "frame_number": 5222,
  "timestamp": 174.24073333333334,
  "ball_visibility_score": 0.4064560882905303,
  "video_id": "Dwjtb5NRI5o"
}