{
  "frame_number": 644,
  "timestamp": 21.488133333333334,
  "ball_visibility_score": 0.38815016175323314,
  "video_id": "Dwjtb5NRI5o"
}