{
  "frame_number": 4480,
  "timestamp": 149.48266666666666,
  "ball_visibility_score": 0.5541876014543392,
  "video_id": "Dwjtb5NRI5o"
}