{
  "frame_number": 4144,
  "timestamp": 138.27146666666667,
  "ball_visibility_score": 0.4691460633710125,
  "video_id": "Dwjtb5NRI5o"
}