{
  "frame_number": 4522,
  "timestamp": 150.88406666666668,
  "ball_visibility_score": 0.5628490589778368,
  "video_id": "Dwjtb5NRI5o"
}