{
  "frame_number": 6286,
  "timestamp": 209.74286666666666,
  "ball_visibility_score": 0.6577815984239088,
  "video_id": "Dwjtb5NRI5o"
}