{
  "frame_number": 3472,
  "timestamp": 115.84906666666667,
  "ball_visibility_score": 0.409189779829595,
  "video_id": "Dwjtb5NRI5o"
}