{
  "frame_number": 574,
  "timestamp": 19.152466666666665,
  "ball_visibility_score": 0.3660001119105681,
  "video_id": "Dwjtb5NRI5o"
}