{
  "frame_number": 3878,
  "timestamp": 129.39593333333335,
  "ball_visibility_score": 0.4754304558076592,
  "video_id": "Dwjtb5NRI5o"
}