{
  "frame_number": 6370,
  "timestamp": 212.54566666666668,
  "ball_visibility_score": 0.6538685441586438,
  "video_id": "Dwjtb5NRI5o"
}