{
  "frame_number": 140,
  "timestamp": 4.671333333333333,
  "ball_visibility_score": 0.8531649041887326,
  "video_id": "Dwjtb5NRI5o"
}