{
  "frame_number": 1064,
  "timestamp": 35.50213333333333,
  "ball_visibility_score": 0.3730871838237339,
  "video_id": "Dwjtb5NRI5o"
}