{
  "frame_number": 532,
  "timestamp": 17.751066666666667,
  "ball_visibility_score": 0.3351486875310277,
  "video_id": "Dwjtb5NRI5o"
}