{
  "frame_number": 4886,
  "timestamp": 163.02953333333335,
  "ball_visibility_score": 0.5977345409285325,
  "video_id": "Dwjtb5NRI5o"
}