{
  "frame_number": 588,
  "timestamp": 19.619600000000002,
  "ball_visibility_score": 0.35583456301544164,
  "video_id": "Dwjtb5NRI5o"
}