{
  "frame_number": 6188,
  "timestamp": 206.47293333333334,
  "ball_visibility_score": 0.6229855385364381,
  "video_id": "Dwjtb5NRI5o"
}