{
  "frame_number": 5320,
  "timestamp": 177.51066666666668,
  "ball_visibility_score": 0.41085570854751047,
  "video_id": "Dwjtb5NRI5o"
}