{
  "frame_number": 6216,
  "timestamp": 207.40720000000002,
  "ball_visibility_score": 0.32510721858137515,
  "video_id": "Dwjtb5NRI5o"
}