{
  "frame_number": 4634,
  "timestamp": 154.62113333333335,
  "ball_visibility_score": 0.5123710828682593,
  "video_id": "Dwjtb5NRI5o"
}