{
  "frame_number": 602,
  "timestamp": 20.086733333333335,
  "ball_visibility_score": 0.3746157349581041,
  "video_id": "Dwjtb5NRI5o"
}