{
  "frame_number": 5180,
  "timestamp": 172.83933333333334,
  "ball_visibility_score": 0.5101652042842304,
  "video_id": "Dwjtb5NRI5o"
}