{
  "frame_number": 5012,
  "timestamp": 167.23373333333333,
  "ball_visibility_score": 0.4103967865476209,
  "video_id": "Dwjtb5NRI5o"
}