{
  "frame_number": 210,
  "timestamp": 7.007000000000001,
  "ball_visibility_score": 0.8543106068429438,
  "video_id": "Dwjtb5NRI5o"
}