{
  "frame_number": 3892,
  "timestamp": 129.86306666666667,
  "ball_visibility_score": 0.3956476767437208,
  "video_id": "Dwjtb5NRI5o"
}