{
  "frame_number": 392,
  "timestamp": 13.079733333333333,
  "ball_visibility_score": 0.399045676348204,
  "video_id": "Dwjtb5NRI5o"
}