{
  "frame_number": 4942,
  "timestamp": 164.89806666666667,
  "ball_visibility_score": 0.6588899149542555,
  "video_id": "Dwjtb5NRI5o"
}