{
  "frame_number": 4200,
  "timestamp": 140.14000000000001,
  "ball_visibility_score": 0.368323635584894,
  "video_id": "Dwjtb5NRI5o"
}