{
  "frame_number": 1036,
  "timestamp": 34.56786666666667,
  "ball_visibility_score": 0.3730871838237339,
  "video_id": "Dwjtb5NRI5o"
}