{
  "frame_number": 4312,
  "timestamp": 143.87706666666668,
  "ball_visibility_score": 0.43045683986247857,
  "video_id": "Dwjtb5NRI5o"
}