{
  "frame_number": 686,
  "timestamp": 22.889533333333333,
  "ball_visibility_score": 0.40574764126999385,
  "video_id": "Dwjtb5NRI5o"
}