{
  "frame_number": 6356,
  "timestamp": 212.07853333333333,
  "ball_visibility_score": 0.5647236121440884,
  "video_id": "Dwjtb5NRI5o"
}