{
  "frame_number": 476,
  "timestamp": 15.882533333333333,
  "ball_visibility_score": 0.6100416754826087,
  "video_id": "Dwjtb5NRI5o"
}