{
  "frame_number": 6104,
  "timestamp": 203.67013333333333,
  "ball_visibility_score": 0.3490206673227179,
  "video_id": "Dwjtb5NRI5o"
}