{
  "frame_number": 5698,
  "timestamp": 190.12326666666667,
  "ball_visibility_score": 0.4529578544451411,
  "video_id": "Dwjtb5NRI5o"
}