{
  "frame_number": 700,
  "timestamp": 23.356666666666666,
  "ball_visibility_score": 0.4591801106227395,
  "video_id": "Dwjtb5NRI5o"
}