{
  "frame_number": 5404,
  "timestamp": 180.31346666666667,
  "ball_visibility_score": 0.5698529603268747,
  "video_id": "Dwjtb5NRI5o"
}