{
  "frame_number": 1050,
  "timestamp": 35.035000000000004,
  "ball_visibility_score": 0.39834346800011494,
  "video_id": "Dwjtb5NRI5o"
}