{
  "frame_number": 2604,
  "timestamp": 86.88680000000001,
  "ball_visibility_score": 0.5501556916324526,
  "video_id": "Dwjtb5NRI5o"
}