{
  "frame_number": 1330,
  "timestamp": 44.37766666666667,
  "ball_visibility_score": 0.32737116360828883,
  "video_id": "Dwjtb5NRI5o"
}