{
  "frame_number": 3290,
  "timestamp": 109.77633333333334,
  "ball_visibility_score": 0.5865712714663894,
  "video_id": "Dwjtb5NRI5o"
}