{
  "frame_number": 5488,
  "timestamp": 183.11626666666666,
  "ball_visibility_score": 0.30659082866288306,
  "video_id": "Dwjtb5NRI5o"
}