{
  "frame_number": 2912,
  "timestamp": 97.16373333333334,
  "ball_visibility_score": 0.46733973502182724,
  "video_id": "Dwjtb5NRI5o"
}