{
  "frame_number": 1078,
  "timestamp": 35.96926666666667,
  "ball_visibility_score": 0.5271365768986149,
  "video_id": "Dwjtb5NRI5o"
}