{
  "frame_number": 938,
  "timestamp": 31.297933333333333,
  "ball_visibility_score": 0.3693865212743758,
  "video_id": "Dwjtb5NRI5o"
}