{
  "frame_number": 5432,
  "timestamp": 181.24773333333334,
  "ball_visibility_score": 0.6224748890202232,
  "video_id": "Dwjtb5NRI5o"
}