{
  "frame_number": 420,
  "timestamp": 14.014000000000001,
  "ball_visibility_score": 0.3140031908354825,
  "video_id": "Dwjtb5NRI5o"
}