{
  "frame_number": 6118,
  "timestamp": 204.13726666666668,
  "ball_visibility_score": 0.34429819103347026,
  "video_id": "Dwjtb5NRI5o"
}