{
  "frame_number": 224,
  "timestamp": 7.4741333333333335,
  "ball_visibility_score": 0.8543106068429438,
  "video_id": "Dwjtb5NRI5o"
}