{
  "frame_number": 896,
  "timestamp": 29.896533333333334,
  "ball_visibility_score": 0.33459220705467474,
  "video_id": "Dwjtb5NRI5o"
}