{
  "frame_number": 4172,
  "timestamp": 139.20573333333334,
  "ball_visibility_score": 0.37354182292181554,
  "video_id": "Dwjtb5NRI5o"
}