{
  "frame_number": 4956,
  "timestamp": 165.36520000000002,
  "ball_visibility_score": 0.5208598490482588,
  "video_id": "Dwjtb5NRI5o"
}