{
  "frame_number": 4606,
  "timestamp": 153.68686666666667,
  "ball_visibility_score": 0.4798411331127294,
  "video_id": "Dwjtb5NRI5o"
}