{
  "frame_number": 5054,
  "timestamp": 168.63513333333333,
  "ball_visibility_score": 0.5115166016560303,
  "video_id": "Dwjtb5NRI5o"
}