{
  "frame_number": 5306,
  "timestamp": 177.04353333333333,
  "ball_visibility_score": 0.5349069985398496,
  "video_id": "Dwjtb5NRI5o"
}