{
  "frame_number": 5068,
  "timestamp": 169.10226666666668,
  "ball_visibility_score": 0.4696274471592509,
  "video_id": "Dwjtb5NRI5o"
}