{
  "frame_number": 4354,
  "timestamp": 145.27846666666667,
  "ball_visibility_score": 0.5005698936655972,
  "video_id": "Dwjtb5NRI5o"
}