{
  "frame_number": 4018,
  "timestamp": 134.06726666666668,
  "ball_visibility_score": 0.40149801363907256,
  "video_id": "Dwjtb5NRI5o"
}