{
  "frame_number": 434,
  "timestamp": 14.481133333333334,
  "ball_visibility_score": 0.32060294180993865,
  "video_id": "Dwjtb5NRI5o"
}