{
  "frame_number": 4298,
  "timestamp": 143.40993333333333,
  "ball_visibility_score": 0.5276743462126698,
  "video_id": "Dwjtb5NRI5o"
}