{
  "frame_number": 490,
  "timestamp": 16.349666666666668,
  "ball_visibility_score": 0.5267120923576252,
  "video_id": "Dwjtb5NRI5o"
}