{
  "frame_number": 4816,
  "timestamp": 160.69386666666668,
  "ball_visibility_score": 0.4243323709292906,
  "video_id": "Dwjtb5NRI5o"
}