{
  "frame_number": 616,
  "timestamp": 20.553866666666668,
  "ball_visibility_score": 0.3822279868348777,
  "video_id": "Dwjtb5NRI5o"
}