{
  "frame_number": 112,
  "timestamp": 3.7370666666666668,
  "ball_visibility_score": 0.8531649041887326,
  "video_id": "Dwjtb5NRI5o"
}