{
  "frame_number": 3976,
  "timestamp": 132.66586666666666,
  "ball_visibility_score": 0.4363237506199724,
  "video_id": "Dwjtb5NRI5o"
}