{
  "frame_number": 308,
  "timestamp": 10.276933333333334,
  "ball_visibility_score": 0.40025016702427985,
  "video_id": "Dwjtb5NRI5o"
}