{
  "frame_number": 560,
  "timestamp": 18.685333333333332,
  "ball_visibility_score": 0.3698518725574911,
  "video_id": "Dwjtb5NRI5o"
}