{
  "frame_number": 5390,
  "timestamp": 179.84633333333335,
  "ball_visibility_score": 0.420349969023213,
  "video_id": "Dwjtb5NRI5o"
}