{
  "frame_number": 4088,
  "timestamp": 136.40293333333332,
  "ball_visibility_score": 0.5302710811461624,
  "video_id": "Dwjtb5NRI5o"
}