{
  "frame_number": 4774,
  "timestamp": 159.29246666666666,
  "ball_visibility_score": 0.3682222959671563,
  "video_id": "Dwjtb5NRI5o"
}