{
  "frame_number": 4004,
  "timestamp": 133.60013333333333,
  "ball_visibility_score": 0.4951228030387479,
  "video_id": "Dwjtb5NRI5o"
}