{
  "frame_number": 6244,
  "timestamp": 208.34146666666666,
  "ball_visibility_score": 0.3597721568984004,
  "video_id": "Dwjtb5NRI5o"
}