{
  "frame_number": 4396,
  "timestamp": 146.67986666666667,
  "ball_visibility_score": 0.5976699968203827,
  "video_id": "Dwjtb5NRI5o"
}