{
  "frame_number": 980,
  "timestamp": 32.699333333333335,
  "ball_visibility_score": 0.3397157154782979,
  "video_id": "Dwjtb5NRI5o"
}