{
  "frame_number": 2632,
  "timestamp": 87.82106666666667,
  "ball_visibility_score": 0.5013850752298599,
  "video_id": "Dwjtb5NRI5o"
}