{
  "frame_number": 1022,
  "timestamp": 34.10073333333333,
  "ball_visibility_score": 0.3730871838237339,
  "video_id": "Dwjtb5NRI5o"
}