{
  "frame_number": 406,
  "timestamp": 13.546866666666666,
  "ball_visibility_score": 0.45447131050872464,
  "video_id": "Dwjtb5NRI5o"
}