{
  "frame_number": 3360,
  "timestamp": 112.11200000000001,
  "ball_visibility_score": 0.40554512504688783,
  "video_id": "Dwjtb5NRI5o"
}