{
  "frame_number": 4844,
  "timestamp": 161.62813333333332,
  "ball_visibility_score": 0.6035514978531717,
  "video_id": "Dwjtb5NRI5o"
}