{
  "frame_number": 112,
  "timestamp": 3.7370666666666668,
  "ball_visibility_score": 0.7440553392655146,
  "video_id": "FsyO3GNZSrA"
}