{
  "frame_number": 98,
  "timestamp": 3.2699333333333334,
  "ball_visibility_score": 0.6543100983660617,
  "video_id": "FsyO3GNZSrA"
}