{
  "frame_number": 868,
  "timestamp": 28.962266666666668,
  "ball_visibility_score": 0.3230867962246716,
  "video_id": "FsyO3GNZSrA"
}