{
  "frame_number": 154,
  "timestamp": 5.138466666666667,
  "ball_visibility_score": 0.6700373214589027,
  "video_id": "FsyO3GNZSrA"
}