{
  "frame_number": 140,
  "timestamp": 4.671333333333333,
  "ball_visibility_score": 0.6808799459981815,
  "video_id": "FsyO3GNZSrA"
}