{
  "frame_number": 2282,
  "timestamp": 76.14273333333334,
  "ball_visibility_score": 0.3959533196375781,
  "video_id": "Q3w7g5ZzONw"
}