{
  "frame_number": 210,
  "timestamp": 7.007000000000001,
  "ball_visibility_score": 0.5199712020175032,
  "video_id": "Q3w7g5ZzONw"
}