{
  "frame_number": 308,
  "timestamp": 10.276933333333334,
  "ball_visibility_score": 0.4251313375362812,
  "video_id": "Q3w7g5ZzONw"
}