{
  "frame_number": 280,
  "timestamp": 9.342666666666666,
  "ball_visibility_score": 0.3726359773560336,
  "video_id": "Q3w7g5ZzONw"
}