{
  "frame_number": 2296,
  "timestamp": 76.60986666666666,
  "ball_visibility_score": 0.37831446527047885,
  "video_id": "Q3w7g5ZzONw"
}