{
  "frame_number": 2254,
  "timestamp": 75.20846666666667,
  "ball_visibility_score": 0.31822372753164074,
  "video_id": "Q3w7g5ZzONw"
}