{
  "frame_number": 154,
  "timestamp": 5.138466666666667,
  "ball_visibility_score": 0.40876527453625916,
  "video_id": "Q3w7g5ZzONw"
}