{
  "frame_number": 140,
  "timestamp": 4.671333333333333,
  "ball_visibility_score": 0.4607132541425063,
  "video_id": "Q3w7g5ZzONw"
}