{
  "frame_number": 238,
  "timestamp": 7.9412666666666665,
  "ball_visibility_score": 0.5110061283883593,
  "video_id": "Q3w7g5ZzONw"
}