{
  "frame_number": 196,
  "timestamp": 6.539866666666667,
  "ball_visibility_score": 0.49087278012989705,
  "video_id": "Q3w7g5ZzONw"
}