{
  "frame_number": 2352,
  "timestamp": 78.47840000000001,
  "ball_visibility_score": 0.364895720455735,
  "video_id": "Q3w7g5ZzONw"
}