{
  "frame_number": 1358,
  "timestamp": 45.311933333333336,
  "ball_visibility_score": 0.30993961632886535,
  "video_id": "Q3w7g5ZzONw"
}