{
  "frame_number": 98,
  "timestamp": 3.2699333333333334,
  "ball_visibility_score": 0.5427737741759114,
  "video_id": "Q3w7g5ZzONw"
}