{
  "frame_number": 2366,
  "timestamp": 78.94553333333333,
  "ball_visibility_score": 0.3563008277568474,
  "video_id": "Q3w7g5ZzONw"
}