{
  "frame_number": 1372,
  "timestamp": 45.779066666666665,
  "ball_visibility_score": 0.3877027433312136,
  "video_id": "Q3w7g5ZzONw"
}