{
  "frame_number": 868,
  "timestamp": 28.962266666666668,
  "ball_visibility_score": 0.3148429220534311,
  "video_id": "Q3w7g5ZzONw"
}