{
  "frame_number": 182,
  "timestamp": 6.072733333333334,
  "ball_visibility_score": 0.40518454165434353,
  "video_id": "Q3w7g5ZzONw"
}