{
  "frame_number": 2338,
  "timestamp": 78.01126666666667,
  "ball_visibility_score": 0.3307990150741093,
  "video_id": "Q3w7g5ZzONw"
}