{
  "frame_number": 224,
  "timestamp": 7.4741333333333335,
  "ball_visibility_score": 0.5279621077335649,
  "video_id": "Q3w7g5ZzONw"
}