{
  "frame_number": 1442,
  "timestamp": 48.114733333333334,
  "ball_visibility_score": 0.473908278344987,
  "video_id": "Q3w7g5ZzONw"
}