{
  "frame_number": 1680,
  "timestamp": 56.056000000000004,
  "ball_visibility_score": 0.3773677868768812,
  "video_id": "Q3w7g5ZzONw"
}