{
  "frame_number": 1330,
  "timestamp": 44.37766666666667,
  "ball_visibility_score": 0.3919076112569564,
  "video_id": "Q3w7g5ZzONw"
}