{
  "frame_number": 2604,
  "timestamp": 86.88680000000001,
  "ball_visibility_score": 0.5525872942184534,
  "video_id": "OsgbY60vueA"
}