{
  "frame_number": 406,
  "timestamp": 13.546866666666666,
  "ball_visibility_score": 0.7168348967716527,
  "video_id": "OsgbY60vueA"
}