{
  "frame_number": 2660,
  "timestamp": 88.75533333333334,
  "ball_visibility_score": 0.6203687289029578,
  "video_id": "OsgbY60vueA"
}