{
  "frame_number": 4858,
  "timestamp": 162.09526666666667,
  "ball_visibility_score": 0.4839672138939075,
  "video_id": "OsgbY60vueA"
}