{
  "frame_number": 4396,
  "timestamp": 146.67986666666667,
  "ball_visibility_score": 0.5221077530746889,
  "video_id": "OsgbY60vueA"
}