{
  "frame_number": 2338,
  "timestamp": 78.01126666666667,
  "ball_visibility_score": 0.543295007534281,
  "video_id": "OsgbY60vueA"
}