{
  "frame_number": 154,
  "timestamp": 5.138466666666667,
  "ball_visibility_score": 0.7591825293000466,
  "video_id": "OsgbY60vueA"
}