{
  "frame_number": 3136,
  "timestamp": 104.63786666666667,
  "ball_visibility_score": 0.699655916811409,
  "video_id": "OsgbY60vueA"
}