{
  "frame_number": 812,
  "timestamp": 27.093733333333333,
  "ball_visibility_score": 0.44543981537685917,
  "video_id": "OsgbY60vueA"
}