{
  "frame_number": 1708,
  "timestamp": 56.99026666666667,
  "ball_visibility_score": 0.5901002431088762,
  "video_id": "OsgbY60vueA"
}