{
  "frame_number": 392,
  "timestamp": 13.079733333333333,
  "ball_visibility_score": 0.7002107900058561,
  "video_id": "OsgbY60vueA"
}