{
  "frame_number": 4340,
  "timestamp": 144.81133333333332,
  "ball_visibility_score": 0.5878991378291143,
  "video_id": "OsgbY60vueA"
}