{
  "frame_number": 560,
  "timestamp": 18.685333333333332,
  "ball_visibility_score": 0.6474348968954796,
  "video_id": "OsgbY60vueA"
}