{
  "frame_number": 182,
  "timestamp": 6.072733333333334,
  "ball_visibility_score": 0.7628845014866051,
  "video_id": "OsgbY60vueA"
}