{
  "frame_number": 3080,
  "timestamp": 102.76933333333334,
  "ball_visibility_score": 0.769945326445492,
  "video_id": "OsgbY60vueA"
}