{
  "frame_number": 196,
  "timestamp": 6.539866666666667,
  "ball_visibility_score": 0.7624279577993002,
  "video_id": "OsgbY60vueA"
}