{
  "frame_number": 1148,
  "timestamp": 38.30493333333333,
  "ball_visibility_score": 0.6385339390184954,
  "video_id": "OsgbY60vueA"
}