{
  "frame_number": 1316,
  "timestamp": 43.91053333333333,
  "ball_visibility_score": 0.7105678831761276,
  "video_id": "OsgbY60vueA"
}