{
  "frame_number": 2450,
  "timestamp": 81.74833333333333,
  "ball_visibility_score": 0.48598275387905787,
  "video_id": "OsgbY60vueA"
}