{
  "frame_number": 1176,
  "timestamp": 39.239200000000004,
  "ball_visibility_score": 0.631955382798725,
  "video_id": "OsgbY60vueA"
}