{
  "frame_number": 1484,
  "timestamp": 49.516133333333336,
  "ball_visibility_score": 0.650423377703971,
  "video_id": "OsgbY60vueA"
}