{
  "frame_number": 3038,
  "timestamp": 101.36793333333334,
  "ball_visibility_score": 0.760154883648125,
  "video_id": "OsgbY60vueA"
}