{
  "frame_number": 1960,
  "timestamp": 65.39866666666667,
  "ball_visibility_score": 0.3737594060333847,
  "video_id": "OsgbY60vueA"
}