{
  "frame_number": 952,
  "timestamp": 31.765066666666666,
  "ball_visibility_score": 0.74992586161597,
  "video_id": "OsgbY60vueA"
}