{
  "frame_number": 2506,
  "timestamp": 83.61686666666667,
  "ball_visibility_score": 0.43835995737006483,
  "video_id": "OsgbY60vueA"
}