{
  "frame_number": 1190,
  "timestamp": 39.70633333333333,
  "ball_visibility_score": 0.631955382798725,
  "video_id": "OsgbY60vueA"
}