{
  "frame_number": 1274,
  "timestamp": 42.50913333333333,
  "ball_visibility_score": 0.6344169191096128,
  "video_id": "OsgbY60vueA"
}