{
  "frame_number": 3248,
  "timestamp": 108.37493333333333,
  "ball_visibility_score": 0.622852814657005,
  "video_id": "OsgbY60vueA"
}