{
  "frame_number": 4844,
  "timestamp": 161.62813333333332,
  "ball_visibility_score": 0.5019351220780475,
  "video_id": "OsgbY60vueA"
}