{
  "frame_number": 2716,
  "timestamp": 90.62386666666667,
  "ball_visibility_score": 0.701756643687133,
  "video_id": "OsgbY60vueA"
}