{
  "frame_number": 1288,
  "timestamp": 42.97626666666667,
  "ball_visibility_score": 0.7108717394443235,
  "video_id": "OsgbY60vueA"
}