{
  "frame_number": 2800,
  "timestamp": 93.42666666666666,
  "ball_visibility_score": 0.7412631313235696,
  "video_id": "OsgbY60vueA"
}