{
  "frame_number": 2982,
  "timestamp": 99.49940000000001,
  "ball_visibility_score": 0.6620480738222686,
  "video_id": "OsgbY60vueA"
}