{
  "frame_number": 224,
  "timestamp": 7.4741333333333335,
  "ball_visibility_score": 0.735474948678181,
  "video_id": "OsgbY60vueA"
}