{
  "frame_number": 3178,
  "timestamp": 106.03926666666666,
  "ball_visibility_score": 0.7109299810851036,
  "video_id": "OsgbY60vueA"
}