{
  "frame_number": 518,
  "timestamp": 17.283933333333334,
  "ball_visibility_score": 0.5431184624369452,
  "video_id": "OsgbY60vueA"
}