{
  "frame_number": 364,
  "timestamp": 12.145466666666668,
  "ball_visibility_score": 0.7646629826373715,
  "video_id": "OsgbY60vueA"
}