{
  "frame_number": 3164,
  "timestamp": 105.57213333333334,
  "ball_visibility_score": 0.5822351169934283,
  "video_id": "OsgbY60vueA"
}