{
  "frame_number": 238,
  "timestamp": 7.9412666666666665,
  "ball_visibility_score": 0.743035794739593,
  "video_id": "OsgbY60vueA"
}