{
  "frame_number": 588,
  "timestamp": 19.619600000000002,
  "ball_visibility_score": 0.6880245889585089,
  "video_id": "OsgbY60vueA"
}