{
  "frame_number": 266,
  "timestamp": 8.875533333333333,
  "ball_visibility_score": 0.7452644563914815,
  "video_id": "OsgbY60vueA"
}