{
  "frame_number": 770,
  "timestamp": 25.692333333333334,
  "ball_visibility_score": 0.6991483420546432,
  "video_id": "OsgbY60vueA"
}