{
  "frame_number": 3584,
  "timestamp": 119.58613333333334,
  "ball_visibility_score": 0.5232129780029108,
  "video_id": "OsgbY60vueA"
}