{
  "frame_number": 1736,
  "timestamp": 57.924533333333336,
  "ball_visibility_score": 0.5009803611168038,
  "video_id": "OsgbY60vueA"
}