{
  "frame_number": 1078,
  "timestamp": 35.96926666666667,
  "ball_visibility_score": 0.7361790713648116,
  "video_id": "OsgbY60vueA"
}