{
  "frame_number": 2002,
  "timestamp": 66.80006666666667,
  "ball_visibility_score": 0.5550033432366364,
  "video_id": "OsgbY60vueA"
}