{
  "frame_number": 2744,
  "timestamp": 91.55813333333333,
  "ball_visibility_score": 0.7473280108860637,
  "video_id": "OsgbY60vueA"
}