{
  "frame_number": 3122,
  "timestamp": 104.17073333333333,
  "ball_visibility_score": 0.6224219867789442,
  "video_id": "OsgbY60vueA"
}