{
  "frame_number": 980,
  "timestamp": 32.699333333333335,
  "ball_visibility_score": 0.7285661944025742,
  "video_id": "OsgbY60vueA"
}