{
  "frame_number": 4200,
  "timestamp": 140.14000000000001,
  "ball_visibility_score": 0.5646144077168569,
  "video_id": "OsgbY60vueA"
}