{
  "frame_number": 2954,
  "timestamp": 98.56513333333334,
  "ball_visibility_score": 0.7667115579966309,
  "video_id": "OsgbY60vueA"
}