{
  "frame_number": 2422,
  "timestamp": 80.81406666666666,
  "ball_visibility_score": 0.7067139947518924,
  "video_id": "OsgbY60vueA"
}