{
  "frame_number": 3724,
  "timestamp": 124.25746666666667,
  "ball_visibility_score": 0.40604689129200827,
  "video_id": "OsgbY60vueA"
}