{
  "frame_number": 140,
  "timestamp": 4.671333333333333,
  "ball_visibility_score": 0.7591825293000466,
  "video_id": "OsgbY60vueA"
}