{
  "frame_number": 2366,
  "timestamp": 78.94553333333333,
  "ball_visibility_score": 0.6589232314910185,
  "video_id": "OsgbY60vueA"
}