{
  "frame_number": 1568,
  "timestamp": 52.318933333333334,
  "ball_visibility_score": 0.5418228650652909,
  "video_id": "OsgbY60vueA"
}