{
  "frame_number": 1050,
  "timestamp": 35.035000000000004,
  "ball_visibility_score": 0.7361790713648116,
  "video_id": "OsgbY60vueA"
}