{
  "frame_number": 350,
  "timestamp": 11.678333333333333,
  "ball_visibility_score": 0.7313790320528147,
  "video_id": "OsgbY60vueA"
}