{
  "frame_number": 1106,
  "timestamp": 36.903533333333336,
  "ball_visibility_score": 0.7170385817733899,
  "video_id": "OsgbY60vueA"
}