{
  "frame_number": 490,
  "timestamp": 16.349666666666668,
  "ball_visibility_score": 0.7359023210054503,
  "video_id": "OsgbY60vueA"
}