{
  "frame_number": 1918,
  "timestamp": 63.99726666666667,
  "ball_visibility_score": 0.5191458088568638,
  "video_id": "OsgbY60vueA"
}