{
  "frame_number": 1694,
  "timestamp": 56.523133333333334,
  "ball_visibility_score": 0.5498951085795328,
  "video_id": "OsgbY60vueA"
}