{
  "frame_number": 3332,
  "timestamp": 111.17773333333334,
  "ball_visibility_score": 0.4724794660549802,
  "video_id": "OsgbY60vueA"
}