{
  "frame_number": 1778,
  "timestamp": 59.32593333333333,
  "ball_visibility_score": 0.478025161145282,
  "video_id": "OsgbY60vueA"
}