{
  "frame_number": 2408,
  "timestamp": 80.34693333333334,
  "ball_visibility_score": 0.5705628325745331,
  "video_id": "OsgbY60vueA"
}