{
  "frame_number": 210,
  "timestamp": 7.007000000000001,
  "ball_visibility_score": 0.7510977252514108,
  "video_id": "OsgbY60vueA"
}