{
  "frame_number": 2926,
  "timestamp": 97.63086666666666,
  "ball_visibility_score": 0.7795255878983626,
  "video_id": "OsgbY60vueA"
}