{
  "frame_number": 1526,
  "timestamp": 50.91753333333333,
  "ball_visibility_score": 0.6203665652166199,
  "video_id": "OsgbY60vueA"
}