{
  "frame_number": 1232,
  "timestamp": 41.107733333333336,
  "ball_visibility_score": 0.6308146011788488,
  "video_id": "OsgbY60vueA"
}