{
  "frame_number": 2492,
  "timestamp": 83.14973333333333,
  "ball_visibility_score": 0.3971228300199867,
  "video_id": "OsgbY60vueA"
}