{
  "frame_number": 3094,
  "timestamp": 103.23646666666667,
  "ball_visibility_score": 0.7670797450879413,
  "video_id": "OsgbY60vueA"
}