{
  "frame_number": 896,
  "timestamp": 29.896533333333334,
  "ball_visibility_score": 0.5281709248688501,
  "video_id": "OsgbY60vueA"
}