{
  "frame_number": 658,
  "timestamp": 21.955266666666667,
  "ball_visibility_score": 0.6284054995963746,
  "video_id": "OsgbY60vueA"
}