{
  "frame_number": 2786,
  "timestamp": 92.95953333333334,
  "ball_visibility_score": 0.7418863906828663,
  "video_id": "OsgbY60vueA"
}