{
  "frame_number": 1022,
  "timestamp": 34.10073333333333,
  "ball_visibility_score": 0.7025762353970906,
  "video_id": "OsgbY60vueA"
}