{
  "frame_number": 3052,
  "timestamp": 101.83506666666666,
  "ball_visibility_score": 0.7806673846639411,
  "video_id": "OsgbY60vueA"
}