{
  "frame_number": 2968,
  "timestamp": 99.03226666666667,
  "ball_visibility_score": 0.713564985039237,
  "video_id": "OsgbY60vueA"
}