{
  "frame_number": 2478,
  "timestamp": 82.68260000000001,
  "ball_visibility_score": 0.6714662393288298,
  "video_id": "OsgbY60vueA"
}