{
  "frame_number": 434,
  "timestamp": 14.481133333333334,
  "ball_visibility_score": 0.6823210637344879,
  "video_id": "OsgbY60vueA"
}