{
  "frame_number": 2380,
  "timestamp": 79.41266666666667,
  "ball_visibility_score": 0.6123774128525548,
  "video_id": "OsgbY60vueA"
}