{
  "frame_number": 2576,
  "timestamp": 85.95253333333334,
  "ball_visibility_score": 0.6072974543552507,
  "video_id": "OsgbY60vueA"
}