{
  "frame_number": 2828,
  "timestamp": 94.36093333333334,
  "ball_visibility_score": 0.7392953549208034,
  "video_id": "OsgbY60vueA"
}