{
  "frame_number": 2674,
  "timestamp": 89.22246666666666,
  "ball_visibility_score": 0.5857895524125074,
  "video_id": "OsgbY60vueA"
}