{
  "frame_number": 826,
  "timestamp": 27.560866666666666,
  "ball_visibility_score": 0.4159982653462428,
  "video_id": "OsgbY60vueA"
}