{
  "frame_number": 4704,
  "timestamp": 156.95680000000002,
  "ball_visibility_score": 0.49586885913113066,
  "video_id": "OsgbY60vueA"
}