{
  "frame_number": 1120,
  "timestamp": 37.370666666666665,
  "ball_visibility_score": 0.6371461234587943,
  "video_id": "OsgbY60vueA"
}