{
  "frame_number": 742,
  "timestamp": 24.758066666666668,
  "ball_visibility_score": 0.405893011353788,
  "video_id": "OsgbY60vueA"
}