{
  "frame_number": 3948,
  "timestamp": 131.73160000000001,
  "ball_visibility_score": 0.5442441138655771,
  "video_id": "OsgbY60vueA"
}