{
  "frame_number": 322,
  "timestamp": 10.744066666666667,
  "ball_visibility_score": 0.7856482184492087,
  "video_id": "OsgbY60vueA"
}