{
  "frame_number": 2324,
  "timestamp": 77.54413333333333,
  "ball_visibility_score": 0.7530731552123722,
  "video_id": "OsgbY60vueA"
}