{
  "frame_number": 1064,
  "timestamp": 35.50213333333333,
  "ball_visibility_score": 0.7361790713648116,
  "video_id": "OsgbY60vueA"
}