{
  "frame_number": 1680,
  "timestamp": 56.056000000000004,
  "ball_visibility_score": 0.5237948692983354,
  "video_id": "OsgbY60vueA"
}