{
  "frame_number": 2352,
  "timestamp": 78.47840000000001,
  "ball_visibility_score": 0.4109409157431353,
  "video_id": "OsgbY60vueA"
}