{
  "frame_number": 2590,
  "timestamp": 86.41966666666667,
  "ball_visibility_score": 0.6875190342446945,
  "video_id": "OsgbY60vueA"
}