{
  "frame_number": 1330,
  "timestamp": 44.37766666666667,
  "ball_visibility_score": 0.7085143106509683,
  "video_id": "OsgbY60vueA"
}