{
  "frame_number": 1610,
  "timestamp": 53.720333333333336,
  "ball_visibility_score": 0.4190805981832766,
  "video_id": "OsgbY60vueA"
}