{
  "frame_number": 3010,
  "timestamp": 100.43366666666667,
  "ball_visibility_score": 0.6091400636590784,
  "video_id": "OsgbY60vueA"
}