{
  "frame_number": 1792,
  "timestamp": 59.79306666666667,
  "ball_visibility_score": 0.5572034676660833,
  "video_id": "OsgbY60vueA"
}