{
  "frame_number": 2534,
  "timestamp": 84.55113333333334,
  "ball_visibility_score": 0.5417622075152857,
  "video_id": "OsgbY60vueA"
}