{
  "frame_number": 644,
  "timestamp": 21.488133333333334,
  "ball_visibility_score": 0.7545097975961043,
  "video_id": "OsgbY60vueA"
}