{
  "frame_number": 4592,
  "timestamp": 153.21973333333332,
  "ball_visibility_score": 0.4468775154933547,
  "video_id": "OsgbY60vueA"
}