{
  "frame_number": 1204,
  "timestamp": 40.17346666666667,
  "ball_visibility_score": 0.6375624681267047,
  "video_id": "OsgbY60vueA"
}