{
  "frame_number": 448,
  "timestamp": 14.948266666666667,
  "ball_visibility_score": 0.6154282624236039,
  "video_id": "OsgbY60vueA"
}