{
  "frame_number": 1372,
  "timestamp": 45.779066666666665,
  "ball_visibility_score": 0.42567221986157644,
  "video_id": "OsgbY60vueA"
}