{
  "frame_number": 4648,
  "timestamp": 155.08826666666667,
  "ball_visibility_score": 0.5698235320886337,
  "video_id": "OsgbY60vueA"
}