{
  "frame_number": 532,
  "timestamp": 17.751066666666667,
  "ball_visibility_score": 0.6270177483004065,
  "video_id": "OsgbY60vueA"
}