{
  "frame_number": 280,
  "timestamp": 9.342666666666666,
  "ball_visibility_score": 0.7490671201073429,
  "video_id": "OsgbY60vueA"
}