{
  "frame_number": 4550,
  "timestamp": 151.81833333333333,
  "ball_visibility_score": 0.5159742470175067,
  "video_id": "OsgbY60vueA"
}