{
  "frame_number": 2996,
  "timestamp": 99.96653333333333,
  "ball_visibility_score": 0.7891154146857254,
  "video_id": "OsgbY60vueA"
}