{
  "frame_number": 2856,
  "timestamp": 95.29520000000001,
  "ball_visibility_score": 0.7606928366637479,
  "video_id": "OsgbY60vueA"
}