{
  "frame_number": 784,
  "timestamp": 26.159466666666667,
  "ball_visibility_score": 0.7178424776629916,
  "video_id": "OsgbY60vueA"
}