{
  "frame_number": 1162,
  "timestamp": 38.77206666666667,
  "ball_visibility_score": 0.631955382798725,
  "video_id": "OsgbY60vueA"
}