{
  "frame_number": 1904,
  "timestamp": 63.53013333333333,
  "ball_visibility_score": 0.44537013555613814,
  "video_id": "OsgbY60vueA"
}