{
  "frame_number": 2870,
  "timestamp": 95.76233333333333,
  "ball_visibility_score": 0.7550836726961112,
  "video_id": "OsgbY60vueA"
}