{
  "frame_number": 2464,
  "timestamp": 82.21546666666667,
  "ball_visibility_score": 0.5526740660209227,
  "video_id": "OsgbY60vueA"
}