{
  "frame_number": 420,
  "timestamp": 14.014000000000001,
  "ball_visibility_score": 0.7482204872961338,
  "video_id": "OsgbY60vueA"
}