{
  "frame_number": 2702,
  "timestamp": 90.15673333333334,
  "ball_visibility_score": 0.7205675741849947,
  "video_id": "OsgbY60vueA"
}