{
  "frame_number": 686,
  "timestamp": 22.889533333333333,
  "ball_visibility_score": 0.42640406116084734,
  "video_id": "OsgbY60vueA"
}