{
  "frame_number": 2912,
  "timestamp": 97.16373333333334,
  "ball_visibility_score": 0.6390907526550873,
  "video_id": "OsgbY60vueA"
}