{
  "frame_number": 1946,
  "timestamp": 64.93153333333333,
  "ball_visibility_score": 0.3345743142768225,
  "video_id": "OsgbY60vueA"
}