{
  "frame_number": 2632,
  "timestamp": 87.82106666666667,
  "ball_visibility_score": 0.6939424447759436,
  "video_id": "OsgbY60vueA"
}