{
  "frame_number": 994,
  "timestamp": 33.166466666666665,
  "ball_visibility_score": 0.7358896468681965,
  "video_id": "OsgbY60vueA"
}