{
  "frame_number": 2730,
  "timestamp": 91.09100000000001,
  "ball_visibility_score": 0.7479554903242551,
  "video_id": "OsgbY60vueA"
}