{
  "frame_number": 1750,
  "timestamp": 58.391666666666666,
  "ball_visibility_score": 0.43516666249234115,
  "video_id": "OsgbY60vueA"
}