{
  "frame_number": 714,
  "timestamp": 23.823800000000002,
  "ball_visibility_score": 0.676471881195917,
  "video_id": "OsgbY60vueA"
}