{
  "frame_number": 476,
  "timestamp": 15.882533333333333,
  "ball_visibility_score": 0.7386762924122021,
  "video_id": "OsgbY60vueA"
}