{
  "frame_number": 1862,
  "timestamp": 62.12873333333334,
  "ball_visibility_score": 0.4986954692013851,
  "video_id": "OsgbY60vueA"
}