{
  "frame_number": 4270,
  "timestamp": 142.47566666666668,
  "ball_visibility_score": 0.6192881593417555,
  "video_id": "OsgbY60vueA"
}