{
  "frame_number": 840,
  "timestamp": 28.028000000000002,
  "ball_visibility_score": 0.6817978659064715,
  "video_id": "OsgbY60vueA"
}