{
  "frame_number": 2842,
  "timestamp": 94.82806666666667,
  "ball_visibility_score": 0.7576381020443732,
  "video_id": "OsgbY60vueA"
}