{
  "frame_number": 2618,
  "timestamp": 87.35393333333333,
  "ball_visibility_score": 0.6443765366991194,
  "video_id": "OsgbY60vueA"
}