{
  "frame_number": 910,
  "timestamp": 30.363666666666667,
  "ball_visibility_score": 0.6864799616597348,
  "video_id": "OsgbY60vueA"
}