{
  "frame_number": 3892,
  "timestamp": 129.86306666666667,
  "ball_visibility_score": 0.46150089518789034,
  "video_id": "OsgbY60vueA"
}