{
  "frame_number": 854,
  "timestamp": 28.495133333333335,
  "ball_visibility_score": 0.6842566332642094,
  "video_id": "OsgbY60vueA"
}