{
  "frame_number": 294,
  "timestamp": 9.809800000000001,
  "ball_visibility_score": 0.7391531559888443,
  "video_id": "OsgbY60vueA"
}