{
  "frame_number": 1652,
  "timestamp": 55.12173333333333,
  "ball_visibility_score": 0.5398242833492829,
  "video_id": "OsgbY60vueA"
}