{
  "frame_number": 2212,
  "timestamp": 73.80706666666667,
  "ball_visibility_score": 0.6095651324437468,
  "video_id": "OsgbY60vueA"
}