{
  "frame_number": 2044,
  "timestamp": 68.20146666666666,
  "ball_visibility_score": 0.6621769616912326,
  "video_id": "OsgbY60vueA"
}