{
  "frame_number": 3220,
  "timestamp": 107.44066666666667,
  "ball_visibility_score": 0.5396075281072467,
  "video_id": "OsgbY60vueA"
}