{
  "frame_number": 700,
  "timestamp": 23.356666666666666,
  "ball_visibility_score": 0.6921941319535121,
  "video_id": "OsgbY60vueA"
}