{
  "frame_number": 1246,
  "timestamp": 41.574866666666665,
  "ball_visibility_score": 0.6308146011788488,
  "video_id": "OsgbY60vueA"
}