{
  "frame_number": 3234,
  "timestamp": 107.90780000000001,
  "ball_visibility_score": 0.5641923173491977,
  "video_id": "OsgbY60vueA"
}