{
  "frame_number": 2198,
  "timestamp": 73.33993333333333,
  "ball_visibility_score": 0.5730393808546719,
  "video_id": "OsgbY60vueA"
}