{
  "frame_number": 574,
  "timestamp": 19.152466666666665,
  "ball_visibility_score": 0.7281472375930348,
  "video_id": "OsgbY60vueA"
}