{
  "frame_number": 1666,
  "timestamp": 55.58886666666667,
  "ball_visibility_score": 0.6243877442582696,
  "video_id": "OsgbY60vueA"
}