{
  "frame_number": 2884,
  "timestamp": 96.22946666666667,
  "ball_visibility_score": 0.7201983406811656,
  "video_id": "OsgbY60vueA"
}