{
  "frame_number": 2758,
  "timestamp": 92.02526666666667,
  "ball_visibility_score": 0.7418863906828663,
  "video_id": "OsgbY60vueA"
}