{
  "frame_number": 1036,
  "timestamp": 34.56786666666667,
  "ball_visibility_score": 0.7332839851572102,
  "video_id": "OsgbY60vueA"
}