{
  "frame_number": 308,
  "timestamp": 10.276933333333334,
  "ball_visibility_score": 0.7728663081057333,
  "video_id": "OsgbY60vueA"
}