{
  "frame_number": 1302,
  "timestamp": 43.443400000000004,
  "ball_visibility_score": 0.7070961424481349,
  "video_id": "OsgbY60vueA"
}