{
  "frame_number": 868,
  "timestamp": 28.962266666666668,
  "ball_visibility_score": 0.36665512191000843,
  "video_id": "c_vXOcpxgh8"
}