{
  "frame_number": 896,
  "timestamp": 29.896533333333334,
  "ball_visibility_score": 0.33163493153583284,
  "video_id": "c_vXOcpxgh8"
}