{
  "frame_number": 910,
  "timestamp": 30.363666666666667,
  "ball_visibility_score": 0.3790679630637287,
  "video_id": "c_vXOcpxgh8"
}