{
  "frame_number": 714,
  "timestamp": 23.823800000000002,
  "ball_visibility_score": 0.3304991389282268,
  "video_id": "c_vXOcpxgh8"
}