{
  "frame_number": 728,
  "timestamp": 24.290933333333335,
  "ball_visibility_score": 0.3011381962409026,
  "video_id": "c_vXOcpxgh8"
}