{
  "frame_number": 196,
  "timestamp": 6.539866666666667,
  "ball_visibility_score": 0.3125172070994205,
  "video_id": "c_vXOcpxgh8"
}