{
  "frame_number": 518,
  "timestamp": 17.283933333333334,
  "ball_visibility_score": 0.5495410386644592,
  "video_id": "c_vXOcpxgh8"
}