{
  "frame_number": 182,
  "timestamp": 6.072733333333334,
  "ball_visibility_score": 0.3720819387700524,
  "video_id": "c_vXOcpxgh8"
}