{
  "frame_number": 224,
  "timestamp": 7.4741333333333335,
  "ball_visibility_score": 0.41023944282183017,
  "video_id": "c_vXOcpxgh8"
}