{
  "frame_number": 742,
  "timestamp": 24.758066666666668,
  "ball_visibility_score": 0.30962373357185086,
  "video_id": "c_vXOcpxgh8"
}