{
  "frame_number": 4172,
  "timestamp": 139.20587253920587,
  "ball_visibility_score": 0.5011494259535026,
  "video_id": "xvaD2AamMpU"
}