{
  "frame_number": 1862,
  "timestamp": 62.1287954621288,
  "ball_visibility_score": 0.3050124815267785,
  "video_id": "xvaD2AamMpU"
}