{
  "frame_number": 3934,
  "timestamp": 131.2645979312646,
  "ball_visibility_score": 0.4605932681840466,
  "video_id": "xvaD2AamMpU"
}