{
  "frame_number": 1890,
  "timestamp": 63.06306306306306,
  "ball_visibility_score": 0.3050124815267785,
  "video_id": "xvaD2AamMpU"
}