{
  "frame_number": 2618,
  "timestamp": 87.35402068735402,
  "ball_visibility_score": 0.30319940564236125,
  "video_id": "xvaD2AamMpU"
}