{
  "frame_number": 4886,
  "timestamp": 163.0296963630297,
  "ball_visibility_score": 0.7165421124318783,
  "video_id": "xvaD2AamMpU"
}