{
  "frame_number": 2982,
  "timestamp": 99.4994994994995,
  "ball_visibility_score": 0.42099611878175947,
  "video_id": "xvaD2AamMpU"
}