{
  "frame_number": 4354,
  "timestamp": 145.2786119452786,
  "ball_visibility_score": 0.4750468928212852,
  "video_id": "xvaD2AamMpU"
}