{
  "frame_number": 2394,
  "timestamp": 79.87987987987988,
  "ball_visibility_score": 0.3153418435993309,
  "video_id": "xvaD2AamMpU"
}