{
  "frame_number": 5096,
  "timestamp": 170.03670337003672,
  "ball_visibility_score": 0.7175325872831583,
  "video_id": "xvaD2AamMpU"
}