{
  "frame_number": 3640,
  "timestamp": 121.4547881214548,
  "ball_visibility_score": 0.5059841970470873,
  "video_id": "xvaD2AamMpU"
}