{
  "frame_number": 2548,
  "timestamp": 85.01835168501836,
  "ball_visibility_score": 0.3113837073109082,
  "video_id": "xvaD2AamMpU"
}