{
  "frame_number": 2366,
  "timestamp": 78.94561227894562,
  "ball_visibility_score": 0.3158490278255581,
  "video_id": "xvaD2AamMpU"
}