{
  "frame_number": 56,
  "timestamp": 1.8685352018685353,
  "ball_visibility_score": 0.43072473960132673,
  "video_id": "xvaD2AamMpU"
}