{
  "frame_number": 4914,
  "timestamp": 163.96396396396398,
  "ball_visibility_score": 0.714900000192537,
  "video_id": "xvaD2AamMpU"
}