{
  "frame_number": 448,
  "timestamp": 14.948281614948282,
  "ball_visibility_score": 0.40701451592685534,
  "video_id": "xvaD2AamMpU"
}