{
  "frame_number": 3290,
  "timestamp": 109.77644310977645,
  "ball_visibility_score": 0.4786431208645521,
  "video_id": "xvaD2AamMpU"
}