{
  "frame_number": 2632,
  "timestamp": 87.82115448782116,
  "ball_visibility_score": 0.30319940564236125,
  "video_id": "xvaD2AamMpU"
}