{
  "frame_number": 3976,
  "timestamp": 132.66599933266602,
  "ball_visibility_score": 0.45759503294905735,
  "video_id": "xvaD2AamMpU"
}