{
  "frame_number": 2506,
  "timestamp": 83.61695028361696,
  "ball_visibility_score": 0.31635661959234473,
  "video_id": "xvaD2AamMpU"
}