{
  "frame_number": 1624,
  "timestamp": 54.187520854187525,
  "ball_visibility_score": 0.40891841178200555,
  "video_id": "xvaD2AamMpU"
}