{
  "frame_number": 2450,
  "timestamp": 81.74841508174842,
  "ball_visibility_score": 0.31635661959234473,
  "video_id": "xvaD2AamMpU"
}