{
  "frame_number": 378,
  "timestamp": 12.612612612612613,
  "ball_visibility_score": 0.42890946441260097,
  "video_id": "xvaD2AamMpU"
}