{
  "frame_number": 3990,
  "timestamp": 133.13313313313313,
  "ball_visibility_score": 0.41215130141261136,
  "video_id": "xvaD2AamMpU"
}