{
  "frame_number": 4998,
  "timestamp": 166.76676676676678,
  "ball_visibility_score": 0.7115186859609384,
  "video_id": "xvaD2AamMpU"
}