{
  "frame_number": 1680,
  "timestamp": 56.05605605605606,
  "ball_visibility_score": 0.44458046120200206,
  "video_id": "xvaD2AamMpU"
}