{
  "frame_number": 616,
  "timestamp": 20.55388722055389,
  "ball_visibility_score": 0.4457161391615585,
  "video_id": "xvaD2AamMpU"
}