{
  "frame_number": 3234,
  "timestamp": 107.90790790790791,
  "ball_visibility_score": 0.4515963849352085,
  "video_id": "xvaD2AamMpU"
}