{
  "frame_number": 98,
  "timestamp": 3.2699366032699366,
  "ball_visibility_score": 0.44436968621687883,
  "video_id": "xvaD2AamMpU"
}