{
  "frame_number": 3346,
  "timestamp": 111.64497831164498,
  "ball_visibility_score": 0.5400671991910886,
  "video_id": "xvaD2AamMpU"
}