{
  "frame_number": 3220,
  "timestamp": 107.44077410744077,
  "ball_visibility_score": 0.4363506091718016,
  "video_id": "xvaD2AamMpU"
}