{
  "frame_number": 1750,
  "timestamp": 58.39172505839173,
  "ball_visibility_score": 0.30838243607658755,
  "video_id": "xvaD2AamMpU"
}