{
  "frame_number": 518,
  "timestamp": 17.283950617283953,
  "ball_visibility_score": 0.4250837513929905,
  "video_id": "xvaD2AamMpU"
}