{
  "frame_number": 3332,
  "timestamp": 111.17784451117785,
  "ball_visibility_score": 0.48685114412174063,
  "video_id": "xvaD2AamMpU"
}