{
  "frame_number": 2184,
  "timestamp": 72.87287287287288,
  "ball_visibility_score": 0.38586908720555985,
  "video_id": "xvaD2AamMpU"
}