{
  "frame_number": 2604,
  "timestamp": 86.88688688688688,
  "ball_visibility_score": 0.3113837073109082,
  "video_id": "xvaD2AamMpU"
}