{
  "frame_number": 5152,
  "timestamp": 171.90523857190524,
  "ball_visibility_score": 0.7174399744887112,
  "video_id": "xvaD2AamMpU"
}