{
  "frame_number": 2562,
  "timestamp": 85.48548548548548,
  "ball_visibility_score": 0.3113837073109082,
  "video_id": "xvaD2AamMpU"
}