{
  "frame_number": 2520,
  "timestamp": 84.08408408408408,
  "ball_visibility_score": 0.31635661959234473,
  "video_id": "xvaD2AamMpU"
}