{
  "frame_number": 3878,
  "timestamp": 129.39606272939608,
  "ball_visibility_score": 0.45118072073924076,
  "video_id": "xvaD2AamMpU"
}