{
  "frame_number": 3962,
  "timestamp": 132.19886553219888,
  "ball_visibility_score": 0.4647125892877017,
  "video_id": "xvaD2AamMpU"
}