{
  "frame_number": 3164,
  "timestamp": 105.57223890557225,
  "ball_visibility_score": 0.415609236317874,
  "video_id": "xvaD2AamMpU"
}