{
  "frame_number": 4340,
  "timestamp": 144.81147814481147,
  "ball_visibility_score": 0.423636985506069,
  "video_id": "xvaD2AamMpU"
}