{
  "frame_number": 1904,
  "timestamp": 63.5301968635302,
  "ball_visibility_score": 0.3050124815267785,
  "video_id": "xvaD2AamMpU"
}