{
  "frame_number": 2464,
  "timestamp": 82.21554888221556,
  "ball_visibility_score": 0.31635661959234473,
  "video_id": "xvaD2AamMpU"
}