{
  "frame_number": 3836,
  "timestamp": 127.99466132799466,
  "ball_visibility_score": 0.47712799082110274,
  "video_id": "xvaD2AamMpU"
}