{
  "frame_number": 3052,
  "timestamp": 101.83516850183517,
  "ball_visibility_score": 0.4514173481398207,
  "video_id": "xvaD2AamMpU"
}