{
  "frame_number": 4158,
  "timestamp": 138.73873873873873,
  "ball_visibility_score": 0.4964447389278053,
  "video_id": "xvaD2AamMpU"
}