{
  "frame_number": 1666,
  "timestamp": 55.588922255588926,
  "ball_visibility_score": 0.46703146722301325,
  "video_id": "xvaD2AamMpU"
}