{
  "frame_number": 5138,
  "timestamp": 171.4381047714381,
  "ball_visibility_score": 0.710925517680863,
  "video_id": "xvaD2AamMpU"
}