{
  "frame_number": 560,
  "timestamp": 18.685352018685354,
  "ball_visibility_score": 0.37402061464049924,
  "video_id": "xvaD2AamMpU"
}