{
  "frame_number": 476,
  "timestamp": 15.88254921588255,
  "ball_visibility_score": 0.4144979078686075,
  "video_id": "xvaD2AamMpU"
}