{
  "frame_number": 504,
  "timestamp": 16.816816816816818,
  "ball_visibility_score": 0.4106321062913141,
  "video_id": "xvaD2AamMpU"
}