{
  "frame_number": 84,
  "timestamp": 2.8028028028028027,
  "ball_visibility_score": 0.43835956005994764,
  "video_id": "xvaD2AamMpU"
}