{
  "frame_number": 4004,
  "timestamp": 133.60026693360027,
  "ball_visibility_score": 0.4252903249983504,
  "video_id": "xvaD2AamMpU"
}