{
  "frame_number": 2842,
  "timestamp": 94.82816149482817,
  "ball_visibility_score": 0.3293573956726987,
  "video_id": "xvaD2AamMpU"
}