{
  "frame_number": 2716,
  "timestamp": 90.62395729062396,
  "ball_visibility_score": 0.31107126443843436,
  "video_id": "xvaD2AamMpU"
}