{
  "frame_number": 3360,
  "timestamp": 112.11211211211211,
  "ball_visibility_score": 0.341976111326546,
  "video_id": "xvaD2AamMpU"
}