{
  "frame_number": 406,
  "timestamp": 13.546880213546881,
  "ball_visibility_score": 0.4089012551511447,
  "video_id": "xvaD2AamMpU"
}