{
  "frame_number": 4984,
  "timestamp": 166.29963296629964,
  "ball_visibility_score": 0.7120513927385482,
  "video_id": "xvaD2AamMpU"
}