{
  "frame_number": 2786,
  "timestamp": 92.95962629295963,
  "ball_visibility_score": 0.30500504417184665,
  "video_id": "xvaD2AamMpU"
}