{
  "frame_number": 2422,
  "timestamp": 80.81414748081416,
  "ball_visibility_score": 0.3158490278255581,
  "video_id": "xvaD2AamMpU"
}