{
  "frame_number": 2758,
  "timestamp": 92.02535869202536,
  "ball_visibility_score": 0.31341409386402813,
  "video_id": "xvaD2AamMpU"
}