{
  "frame_number": 420,
  "timestamp": 14.014014014014014,
  "ball_visibility_score": 0.4326132889440118,
  "video_id": "xvaD2AamMpU"
}