{
  "frame_number": 5054,
  "timestamp": 168.6353019686353,
  "ball_visibility_score": 0.7214654082399816,
  "video_id": "xvaD2AamMpU"
}