{
  "frame_number": 2660,
  "timestamp": 88.75542208875542,
  "ball_visibility_score": 0.3068969252093269,
  "video_id": "xvaD2AamMpU"
}