{
  "frame_number": 3794,
  "timestamp": 126.59325992659326,
  "ball_visibility_score": 0.5003711694636974,
  "video_id": "xvaD2AamMpU"
}