{
  "frame_number": 2492,
  "timestamp": 83.14981648314982,
  "ball_visibility_score": 0.31635661959234473,
  "video_id": "xvaD2AamMpU"
}