{
  "frame_number": 2408,
  "timestamp": 80.34701368034702,
  "ball_visibility_score": 0.3158490278255581,
  "video_id": "xvaD2AamMpU"
}