{
  "frame_number": 1036,
  "timestamp": 34.567901234567906,
  "ball_visibility_score": 0.3526199601560873,
  "video_id": "xvaD2AamMpU"
}