{
  "frame_number": 588,
  "timestamp": 19.61961961961962,
  "ball_visibility_score": 0.43951474094464366,
  "video_id": "xvaD2AamMpU"
}