{
  "frame_number": 2688,
  "timestamp": 89.68968968968969,
  "ball_visibility_score": 0.3038762931412909,
  "video_id": "xvaD2AamMpU"
}