{
  "frame_number": 1050,
  "timestamp": 35.03503503503504,
  "ball_visibility_score": 0.3547274953139146,
  "video_id": "xvaD2AamMpU"
}