{
  "frame_number": 140,
  "timestamp": 4.671338004671338,
  "ball_visibility_score": 0.44806154786140856,
  "video_id": "xvaD2AamMpU"
}