{
  "frame_number": 434,
  "timestamp": 14.48114781448115,
  "ball_visibility_score": 0.45429096851966694,
  "video_id": "xvaD2AamMpU"
}