{
  "frame_number": 2730,
  "timestamp": 91.0910910910911,
  "ball_visibility_score": 0.31533336830325615,
  "video_id": "xvaD2AamMpU"
}