{
  "frame_number": 1792,
  "timestamp": 59.79312645979313,
  "ball_visibility_score": 0.30838243607658755,
  "video_id": "xvaD2AamMpU"
}