{
  "frame_number": 1106,
  "timestamp": 36.90357023690357,
  "ball_visibility_score": 0.4204478271538548,
  "video_id": "xvaD2AamMpU"
}