{
  "frame_number": 3038,
  "timestamp": 101.36803470136803,
  "ball_visibility_score": 0.4825962923831729,
  "video_id": "xvaD2AamMpU"
}