{
  "frame_number": 1848,
  "timestamp": 61.66166166166166,
  "ball_visibility_score": 0.3050124815267785,
  "video_id": "xvaD2AamMpU"
}