{
  "frame_number": 4872,
  "timestamp": 162.56256256256256,
  "ball_visibility_score": 0.7155746728363426,
  "video_id": "xvaD2AamMpU"
}