{
  "frame_number": 1470,
  "timestamp": 49.04904904904905,
  "ball_visibility_score": 0.33106094996288926,
  "video_id": "xvaD2AamMpU"
}