{
  "frame_number": 2870,
  "timestamp": 95.76242909576243,
  "ball_visibility_score": 0.3061449252428953,
  "video_id": "xvaD2AamMpU"
}