{
  "frame_number": 2646,
  "timestamp": 88.28828828828829,
  "ball_visibility_score": 0.30319940564236125,
  "video_id": "xvaD2AamMpU"
}