{
  "frame_number": 5040,
  "timestamp": 168.16816816816817,
  "ball_visibility_score": 0.71279256868898,
  "video_id": "xvaD2AamMpU"
}