{
  "frame_number": 4018,
  "timestamp": 134.0674007340674,
  "ball_visibility_score": 0.4268870059693122,
  "video_id": "xvaD2AamMpU"
}