{
  "frame_number": 4942,
  "timestamp": 164.89823156489823,
  "ball_visibility_score": 0.7180126417635504,
  "video_id": "xvaD2AamMpU"
}