{
  "frame_number": 5082,
  "timestamp": 169.56956956956958,
  "ball_visibility_score": 0.7092816959653929,
  "video_id": "xvaD2AamMpU"
}