{
  "frame_number": 1148,
  "timestamp": 38.30497163830497,
  "ball_visibility_score": 0.3420869564813231,
  "video_id": "xvaD2AamMpU"
}