{
  "frame_number": 2576,
  "timestamp": 85.95261928595262,
  "ball_visibility_score": 0.3113837073109082,
  "video_id": "xvaD2AamMpU"
}