{
  "frame_number": 2898,
  "timestamp": 96.6966966966967,
  "ball_visibility_score": 0.37775231372876816,
  "video_id": "xvaD2AamMpU"
}