{
  "frame_number": 2170,
  "timestamp": 72.40573907240574,
  "ball_visibility_score": 0.47738247762456304,
  "video_id": "xvaD2AamMpU"
}