{
  "frame_number": 3948,
  "timestamp": 131.73173173173174,
  "ball_visibility_score": 0.4565380746271615,
  "video_id": "xvaD2AamMpU"
}