{
  "frame_number": 2940,
  "timestamp": 98.0980980980981,
  "ball_visibility_score": 0.3129904656312106,
  "video_id": "xvaD2AamMpU"
}