{
  "frame_number": 3696,
  "timestamp": 123.32332332332332,
  "ball_visibility_score": 0.5386822422747811,
  "video_id": "xvaD2AamMpU"
}