{
  "frame_number": 3808,
  "timestamp": 127.0603937270604,
  "ball_visibility_score": 0.4592207391910244,
  "video_id": "xvaD2AamMpU"
}