{
  "frame_number": 3150,
  "timestamp": 105.10510510510511,
  "ball_visibility_score": 0.41166000442754347,
  "video_id": "xvaD2AamMpU"
}