{
  "frame_number": 2828,
  "timestamp": 94.36102769436103,
  "ball_visibility_score": 0.3293573956726987,
  "video_id": "xvaD2AamMpU"
}