{
  "frame_number": 4060,
  "timestamp": 135.46880213546882,
  "ball_visibility_score": 0.5275845435488786,
  "video_id": "xvaD2AamMpU"
}