{
  "frame_number": 3584,
  "timestamp": 119.58625291958626,
  "ball_visibility_score": 0.412432587019764,
  "video_id": "xvaD2AamMpU"
}