{
  "frame_number": 4032,
  "timestamp": 134.53453453453454,
  "ball_visibility_score": 0.425404901835806,
  "video_id": "xvaD2AamMpU"
}