{
  "frame_number": 1428,
  "timestamp": 47.64764764764765,
  "ball_visibility_score": 0.41027202509858873,
  "video_id": "xvaD2AamMpU"
}