{
  "frame_number": 2380,
  "timestamp": 79.41274607941276,
  "ball_visibility_score": 0.3153418435993309,
  "video_id": "xvaD2AamMpU"
}