{
  "frame_number": 3920,
  "timestamp": 130.79746413079747,
  "ball_visibility_score": 0.462302152367978,
  "video_id": "xvaD2AamMpU"
}