{
  "frame_number": 5068,
  "timestamp": 169.10243576910244,
  "ball_visibility_score": 0.7099697032010445,
  "video_id": "xvaD2AamMpU"
}