{
  "frame_number": 1694,
  "timestamp": 56.52318985652319,
  "ball_visibility_score": 0.4436800252550341,
  "video_id": "xvaD2AamMpU"
}