{
  "frame_number": 5124,
  "timestamp": 170.97097097097097,
  "ball_visibility_score": 0.7127650550438203,
  "video_id": "xvaD2AamMpU"
}