{
  "frame_number": 2534,
  "timestamp": 84.55121788455122,
  "ball_visibility_score": 0.3113837073109082,
  "video_id": "xvaD2AamMpU"
}