{
  "frame_number": 3780,
  "timestamp": 126.12612612612612,
  "ball_visibility_score": 0.5187527389181416,
  "video_id": "xvaD2AamMpU"
}