{
  "frame_number": 1708,
  "timestamp": 56.99032365699033,
  "ball_visibility_score": 0.4197100033714244,
  "video_id": "xvaD2AamMpU"
}