{
  "frame_number": 2590,
  "timestamp": 86.41975308641976,
  "ball_visibility_score": 0.3113837073109082,
  "video_id": "xvaD2AamMpU"
}