{
  "frame_number": 1876,
  "timestamp": 62.59592926259593,
  "ball_visibility_score": 0.3050124815267785,
  "video_id": "xvaD2AamMpU"
}