{
  "frame_number": 1344,
  "timestamp": 44.84484484484484,
  "ball_visibility_score": 0.40271774048852665,
  "video_id": "xvaD2AamMpU"
}