{
  "frame_number": 4970,
  "timestamp": 165.8324991658325,
  "ball_visibility_score": 0.7183368328136738,
  "video_id": "xvaD2AamMpU"
}