{
  "frame_number": 2954,
  "timestamp": 98.56523189856523,
  "ball_visibility_score": 0.42663135095737253,
  "video_id": "xvaD2AamMpU"
}