{
  "frame_number": 2296,
  "timestamp": 76.60994327660994,
  "ball_visibility_score": 0.4644338911826708,
  "video_id": "xvaD2AamMpU"
}