{
  "frame_number": 3864,
  "timestamp": 128.92892892892894,
  "ball_visibility_score": 0.4595538920300525,
  "video_id": "xvaD2AamMpU"
}