{
  "frame_number": 1834,
  "timestamp": 61.19452786119453,
  "ball_visibility_score": 0.3050124815267785,
  "video_id": "xvaD2AamMpU"
}