{
  "frame_number": 1778,
  "timestamp": 59.325992659326,
  "ball_visibility_score": 0.30838243607658755,
  "video_id": "xvaD2AamMpU"
}