{
  "frame_number": 1806,
  "timestamp": 60.26026026026026,
  "ball_visibility_score": 0.3050124815267785,
  "video_id": "xvaD2AamMpU"
}