{
  "frame_number": 2856,
  "timestamp": 95.2952952952953,
  "ball_visibility_score": 0.31792203568574917,
  "video_id": "xvaD2AamMpU"
}