{
  "frame_number": 3850,
  "timestamp": 128.4617951284618,
  "ball_visibility_score": 0.47374587387190703,
  "video_id": "xvaD2AamMpU"
}