{
  "frame_number": 4088,
  "timestamp": 136.40306973640307,
  "ball_visibility_score": 0.42269547782298394,
  "video_id": "xvaD2AamMpU"
}