{
  "frame_number": 532,
  "timestamp": 17.751084417751084,
  "ball_visibility_score": 0.40481968018545106,
  "video_id": "xvaD2AamMpU"
}