{
  "frame_number": 4046,
  "timestamp": 135.00166833500168,
  "ball_visibility_score": 0.4129160266342519,
  "video_id": "xvaD2AamMpU"
}