{
  "frame_number": 5110,
  "timestamp": 170.50383717050386,
  "ball_visibility_score": 0.7139643421712892,
  "video_id": "xvaD2AamMpU"
}