{
  "frame_number": 2674,
  "timestamp": 89.22255588922256,
  "ball_visibility_score": 0.3068969252093269,
  "video_id": "xvaD2AamMpU"
}