{
  "frame_number": 1764,
  "timestamp": 58.85885885885886,
  "ball_visibility_score": 0.30838243607658755,
  "video_id": "xvaD2AamMpU"
}