{
  "frame_number": 3094,
  "timestamp": 103.23656990323657,
  "ball_visibility_score": 0.34256671394175975,
  "video_id": "xvaD2AamMpU"
}