{
  "frame_number": 1722,
  "timestamp": 57.45745745745746,
  "ball_visibility_score": 0.30838243607658755,
  "video_id": "xvaD2AamMpU"
}