{
  "frame_number": 2912,
  "timestamp": 97.16383049716383,
  "ball_visibility_score": 0.3129904656312106,
  "video_id": "xvaD2AamMpU"
}