{
  "frame_number": 546,
  "timestamp": 18.21821821821822,
  "ball_visibility_score": 0.3965458657478809,
  "video_id": "xvaD2AamMpU"
}