{
  "frame_number": 5012,
  "timestamp": 167.23390056723392,
  "ball_visibility_score": 0.7136047876722885,
  "video_id": "xvaD2AamMpU"
}