{
  "frame_number": 5026,
  "timestamp": 167.70103436770103,
  "ball_visibility_score": 0.7192605429013157,
  "video_id": "xvaD2AamMpU"
}