{
  "frame_number": 3276,
  "timestamp": 109.30930930930931,
  "ball_visibility_score": 0.6101886703143964,
  "video_id": "xvaD2AamMpU"
}