{
  "frame_number": 2884,
  "timestamp": 96.22956289622957,
  "ball_visibility_score": 0.3107863366099926,
  "video_id": "xvaD2AamMpU"
}