{
  "frame_number": 602,
  "timestamp": 20.086753420086755,
  "ball_visibility_score": 0.4564132684284721,
  "video_id": "xvaD2AamMpU"
}