{
  "frame_number": 1820,
  "timestamp": 60.7273940607274,
  "ball_visibility_score": 0.3050124815267785,
  "video_id": "xvaD2AamMpU"
}