{
  "frame_number": 4144,
  "timestamp": 138.27160493827162,
  "ball_visibility_score": 0.45955281817000065,
  "video_id": "xvaD2AamMpU"
}