{
  "frame_number": 3766,
  "timestamp": 125.658992325659,
  "ball_visibility_score": 0.5731101693950925,
  "video_id": "xvaD2AamMpU"
}