{
  "frame_number": 1736,
  "timestamp": 57.9245912579246,
  "ball_visibility_score": 0.30838243607658755,
  "video_id": "xvaD2AamMpU"
}