{
  "frame_number": 2744,
  "timestamp": 91.55822489155823,
  "ball_visibility_score": 0.31341409386402813,
  "video_id": "xvaD2AamMpU"
}