{
  "frame_number": 126,
  "timestamp": 4.2042042042042045,
  "ball_visibility_score": 0.4471024502470586,
  "video_id": "xvaD2AamMpU"
}