{
  "frame_number": 2436,
  "timestamp": 81.28128128128128,
  "ball_visibility_score": 0.31635661959234473,
  "video_id": "xvaD2AamMpU"
}