{
  "frame_number": 462,
  "timestamp": 15.415415415415415,
  "ball_visibility_score": 0.38292482440373143,
  "video_id": "xvaD2AamMpU"
}