{
  "frame_number": 3906,
  "timestamp": 130.33033033033033,
  "ball_visibility_score": 0.4755935478807384,
  "video_id": "xvaD2AamMpU"
}