{
  "frame_number": 574,
  "timestamp": 19.152485819152485,
  "ball_visibility_score": 0.40425299979147666,
  "video_id": "xvaD2AamMpU"
}