{
  "frame_number": 3248,
  "timestamp": 108.37504170837505,
  "ball_visibility_score": 0.4478859513978633,
  "video_id": "xvaD2AamMpU"
}