{
  "frame_number": 490,
  "timestamp": 16.349683016349683,
  "ball_visibility_score": 0.3971978933609022,
  "video_id": "xvaD2AamMpU"
}