{
  "frame_number": 1652,
  "timestamp": 55.12178845512179,
  "ball_visibility_score": 0.3148595502215099,
  "video_id": "xvaD2AamMpU"
}