{
  "frame_number": 2352,
  "timestamp": 78.47847847847848,
  "ball_visibility_score": 0.36820654033206185,
  "video_id": "xvaD2AamMpU"
}