{
  "frame_number": 2772,
  "timestamp": 92.4924924924925,
  "ball_visibility_score": 0.30197187894437205,
  "video_id": "xvaD2AamMpU"
}