{
  "frame_number": 1960,
  "timestamp": 65.39873206539873,
  "ball_visibility_score": 0.6097427336997899,
  "video_id": "xvaD2AamMpU"
}