{
  "frame_number": 2338,
  "timestamp": 78.01134467801134,
  "ball_visibility_score": 0.3227279942662243,
  "video_id": "xvaD2AamMpU"
}