{
  "frame_number": 112,
  "timestamp": 3.7370704037370706,
  "ball_visibility_score": 0.43749894644989856,
  "video_id": "xvaD2AamMpU"
}