{
  "frame_number": 2926,
  "timestamp": 97.63096429763097,
  "ball_visibility_score": 0.3129904656312106,
  "video_id": "xvaD2AamMpU"
}