{
  "frame_number": 4956,
  "timestamp": 165.36536536536536,
  "ball_visibility_score": 0.7174394726227761,
  "video_id": "xvaD2AamMpU"
}