{
  "frame_number": 4900,
  "timestamp": 163.49683016349684,
  "ball_visibility_score": 0.7160036963173396,
  "video_id": "xvaD2AamMpU"
}