{
  "frame_number": 70,
  "timestamp": 2.335669002335669,
  "ball_visibility_score": 0.4342241219725516,
  "video_id": "xvaD2AamMpU"
}