{
  "frame_number": 4928,
  "timestamp": 164.43109776443112,
  "ball_visibility_score": 0.7229025537569383,
  "video_id": "xvaD2AamMpU"
}