{
  "frame_number": 3654,
  "timestamp": 121.92192192192192,
  "ball_visibility_score": 0.40687282564688476,
  "video_id": "xvaD2AamMpU"
}