{
  "frame_number": 4186,
  "timestamp": 139.673006339673,
  "ball_visibility_score": 0.39965409852837647,
  "video_id": "xvaD2AamMpU"
}