{
  "frame_number": 2478,
  "timestamp": 82.68268268268268,
  "ball_visibility_score": 0.31635661959234473,
  "video_id": "xvaD2AamMpU"
}