{
  "frame_number": 2226,
  "timestamp": 74.27427427427428,
  "ball_visibility_score": 0.3511518260124629,
  "video_id": "xvaD2AamMpU"
}