{
  "frame_number": 392,
  "timestamp": 13.079746413079747,
  "ball_visibility_score": 0.3847628314832947,
  "video_id": "xvaD2AamMpU"
}