{
  "frame_number": 3822,
  "timestamp": 127.52752752752754,
  "ball_visibility_score": 0.4883766156751887,
  "video_id": "xvaD2AamMpU"
}