{
  "frame_number": 3892,
  "timestamp": 129.8631965298632,
  "ball_visibility_score": 0.45324706721026425,
  "video_id": "xvaD2AamMpU"
}