{
  "frame_number": 28,
  "timestamp": 0.9342666666666667,
  "ball_visibility_score": 0.6071248991350656,
  "video_id": "OFObFTXHJPs"
}