{
  "frame_number": 2324,
  "timestamp": 77.54413333333333,
  "ball_visibility_score": 0.3995461375462136,
  "video_id": "OFObFTXHJPs"
}