{
  "frame_number": 1666,
  "timestamp": 55.58886666666667,
  "ball_visibility_score": 0.6655428341709947,
  "video_id": "OFObFTXHJPs"
}