{
  "frame_number": 1358,
  "timestamp": 45.311933333333336,
  "ball_visibility_score": 0.488763255486629,
  "video_id": "OFObFTXHJPs"
}