{
  "frame_number": 2282,
  "timestamp": 76.14273333333334,
  "ball_visibility_score": 0.5988821158861201,
  "video_id": "OFObFTXHJPs"
}