{
  "frame_number": 1400,
  "timestamp": 46.71333333333333,
  "ball_visibility_score": 0.4999795447921441,
  "video_id": "OFObFTXHJPs"
}