{
  "frame_number": 1960,
  "timestamp": 65.39866666666667,
  "ball_visibility_score": 0.3970733424409635,
  "video_id": "OFObFTXHJPs"
}