{
  "frame_number": 1694,
  "timestamp": 56.523133333333334,
  "ball_visibility_score": 0.38552156833173606,
  "video_id": "OFObFTXHJPs"
}