{
  "frame_number": 1050,
  "timestamp": 35.035000000000004,
  "ball_visibility_score": 0.30418306968136716,
  "video_id": "OFObFTXHJPs"
}