{
  "frame_number": 448,
  "timestamp": 14.948266666666667,
  "ball_visibility_score": 0.34441538336697464,
  "video_id": "OFObFTXHJPs"
}