{
  "frame_number": 3248,
  "timestamp": 108.37493333333333,
  "ball_visibility_score": 0.3503166874574922,
  "video_id": "OFObFTXHJPs"
}