{
  "frame_number": 322,
  "timestamp": 10.744066666666667,
  "ball_visibility_score": 0.3800985312097249,
  "video_id": "OFObFTXHJPs"
}