{
  "frame_number": 1652,
  "timestamp": 55.12173333333333,
  "ball_visibility_score": 0.6590229180837396,
  "video_id": "OFObFTXHJPs"
}