{
  "frame_number": 2254,
  "timestamp": 75.20846666666667,
  "ball_visibility_score": 0.6836011986255774,
  "video_id": "OFObFTXHJPs"
}