{
  "frame_number": 56,
  "timestamp": 1.8685333333333334,
  "ball_visibility_score": 0.6196472215487402,
  "video_id": "OFObFTXHJPs"
}