{
  "frame_number": 952,
  "timestamp": 31.765066666666666,
  "ball_visibility_score": 0.3430351610383343,
  "video_id": "OFObFTXHJPs"
}