{
  "frame_number": 2604,
  "timestamp": 86.88680000000001,
  "ball_visibility_score": 0.40431232096937614,
  "video_id": "OFObFTXHJPs"
}