{
  "frame_number": 70,
  "timestamp": 2.3356666666666666,
  "ball_visibility_score": 0.6196472215487402,
  "video_id": "OFObFTXHJPs"
}