{
  "frame_number": 308,
  "timestamp": 10.276933333333334,
  "ball_visibility_score": 0.34756156595130294,
  "video_id": "OFObFTXHJPs"
}