{
  "frame_number": 2408,
  "timestamp": 80.34693333333334,
  "ball_visibility_score": 0.3320195571093686,
  "video_id": "OFObFTXHJPs"
}