{
  "frame_number": 1372,
  "timestamp": 45.779066666666665,
  "ball_visibility_score": 0.5432035030537221,
  "video_id": "OFObFTXHJPs"
}