{
  "frame_number": 3752,
  "timestamp": 125.19173333333333,
  "ball_visibility_score": 0.4135910780604854,
  "video_id": "OFObFTXHJPs"
}