{
  "frame_number": 3766,
  "timestamp": 125.65886666666667,
  "ball_visibility_score": 0.31645341983049163,
  "video_id": "OFObFTXHJPs"
}