{
  "frame_number": 2450,
  "timestamp": 81.74833333333333,
  "ball_visibility_score": 0.4023153015621937,
  "video_id": "OFObFTXHJPs"
}