{
  "frame_number": 2618,
  "timestamp": 87.35393333333333,
  "ball_visibility_score": 0.4209751417775073,
  "video_id": "OFObFTXHJPs"
}