{
  "frame_number": 2296,
  "timestamp": 76.60986666666666,
  "ball_visibility_score": 0.5474919149513532,
  "video_id": "OFObFTXHJPs"
}