{
  "frame_number": 434,
  "timestamp": 14.481133333333334,
  "ball_visibility_score": 0.30800711533853903,
  "video_id": "OFObFTXHJPs"
}