{
  "frame_number": 1680,
  "timestamp": 56.056000000000004,
  "ball_visibility_score": 0.6796891665715488,
  "video_id": "OFObFTXHJPs"
}