{
  "frame_number": 826,
  "timestamp": 27.560894227560894,
  "ball_visibility_score": 0.47062473052998843,
  "video_id": "CCW9Rvypvv4"
}