{
  "frame_number": 630,
  "timestamp": 21.02102102102102,
  "ball_visibility_score": 0.4925007661892754,
  "video_id": "CCW9Rvypvv4"
}