{
  "frame_number": 490,
  "timestamp": 16.349683016349683,
  "ball_visibility_score": 0.48068930845871416,
  "video_id": "mLXnpCuiE4U"
}