{
  "frame_number": 938,
  "timestamp": 31.297964631297965,
  "ball_visibility_score": 0.4686136338571378,
  "video_id": "TpksWMf9zOw"
}