{
  "frame_number": 5194,
  "timestamp": 173.30646666666667,
  "ball_visibility_score": 0.665451889917683,
  "video_id": "NkpLIy6LVas"
}