{
  "frame_number": 4396,
  "timestamp": 146.67986666666667,
  "ball_visibility_score": 0.40111590064420666,
  "video_id": "NkpLIy6LVas"
}