{
  "frame_number": 4340,
  "timestamp": 144.81133333333332,
  "ball_visibility_score": 0.37817387621097925,
  "video_id": "NkpLIy6LVas"
}