{
  "frame_number": 532,
  "timestamp": 17.751066666666667,
  "ball_visibility_score": 0.47824341583147867,
  "video_id": "NkpLIy6LVas"
}