{
  "frame_number": 3682,
  "timestamp": 122.85606666666666,
  "ball_visibility_score": 0.4336358687080093,
  "video_id": "NkpLIy6LVas"
}