{
  "frame_number": 3290,
  "timestamp": 109.77633333333334,
  "ball_visibility_score": 0.436523361002083,
  "video_id": "NkpLIy6LVas"
}