{
  "frame_number": 5236,
  "timestamp": 174.70786666666666,
  "ball_visibility_score": 0.45114208645127024,
  "video_id": "NkpLIy6LVas"
}