{
  "frame_number": 2450,
  "timestamp": 81.74833333333333,
  "ball_visibility_score": 0.4447586529225078,
  "video_id": "NkpLIy6LVas"
}