{
  "frame_number": 5208,
  "timestamp": 173.77360000000002,
  "ball_visibility_score": 0.5797497316115849,
  "video_id": "NkpLIy6LVas"
}