{
  "frame_number": 2422,
  "timestamp": 80.81406666666666,
  "ball_visibility_score": 0.4866055142983608,
  "video_id": "NkpLIy6LVas"
}