{
  "frame_number": 5222,
  "timestamp": 174.24073333333334,
  "ball_visibility_score": 0.5493726666784706,
  "video_id": "NkpLIy6LVas"
}