{
  "frame_number": 3710,
  "timestamp": 123.79033333333334,
  "ball_visibility_score": 0.37925687921873114,
  "video_id": "NkpLIy6LVas"
}