{
  "frame_number": 1904,
  "timestamp": 63.53013333333333,
  "ball_visibility_score": 0.45861042822981013,
  "video_id": "NkpLIy6LVas"
}