{
  "frame_number": 392,
  "timestamp": 13.079733333333333,
  "ball_visibility_score": 0.4490129843418545,
  "video_id": "N_w6d6y4i58"
}