{
  "frame_number": 2282,
  "timestamp": 76.14273333333334,
  "ball_visibility_score": 0.5258560409754893,
  "video_id": "N_w6d6y4i58"
}