{
  "frame_number": 1190,
  "timestamp": 39.70633333333333,
  "ball_visibility_score": 0.6290219452806552,
  "video_id": "N_w6d6y4i58"
}