{
  "frame_number": 1162,
  "timestamp": 38.77206666666667,
  "ball_visibility_score": 0.6400349113672034,
  "video_id": "N_w6d6y4i58"
}