{
  "frame_number": 238,
  "timestamp": 7.9412666666666665,
  "ball_visibility_score": 0.6298199495260678,
  "video_id": "N_w6d6y4i58"
}