{
  "frame_number": 210,
  "timestamp": 7.007000000000001,
  "ball_visibility_score": 0.6306806541772912,
  "video_id": "N_w6d6y4i58"
}