{
  "frame_number": 1148,
  "timestamp": 38.30493333333333,
  "ball_visibility_score": 0.6288975175298676,
  "video_id": "N_w6d6y4i58"
}