{
  "frame_number": 196,
  "timestamp": 6.539866666666667,
  "ball_visibility_score": 0.6105679376061719,
  "video_id": "N_w6d6y4i58"
}