{
  "frame_number": 112,
  "timestamp": 3.7370666666666668,
  "ball_visibility_score": 0.5418600950041513,
  "video_id": "N_w6d6y4i58"
}