{
  "frame_number": 1176,
  "timestamp": 39.239200000000004,
  "ball_visibility_score": 0.6309995609910046,
  "video_id": "N_w6d6y4i58"
}