{
  "frame_number": 98,
  "timestamp": 3.2699333333333334,
  "ball_visibility_score": 0.5371972833034935,
  "video_id": "N_w6d6y4i58"
}