{
  "frame_number": 2240,
  "timestamp": 74.74133333333333,
  "ball_visibility_score": 0.5214539177257869,
  "video_id": "N_w6d6y4i58"
}