{
  "frame_number": 2226,
  "timestamp": 74.27420000000001,
  "ball_visibility_score": 0.5396358053538728,
  "video_id": "N_w6d6y4i58"
}