{
  "frame_number": 224,
  "timestamp": 7.4741333333333335,
  "ball_visibility_score": 0.6306806541772912,
  "video_id": "N_w6d6y4i58"
}