{
  "frame_number": 266,
  "timestamp": 8.875533333333333,
  "ball_visibility_score": 0.5386891677405117,
  "video_id": "N_w6d6y4i58"
}