{
  "frame_number": 1204,
  "timestamp": 40.17346666666667,
  "ball_visibility_score": 0.636198297486582,
  "video_id": "N_w6d6y4i58"
}