{
  "frame_number": 2254,
  "timestamp": 75.20846666666667,
  "ball_visibility_score": 0.5214539177257869,
  "video_id": "N_w6d6y4i58"
}