{
  "frame_number": 5474,
  "timestamp": 182.64913333333334,
  "ball_visibility_score": 0.6466853146031711,
  "video_id": "XekcKc1pQJo"
}