{
  "frame_number": 266,
  "timestamp": 8.875533333333333,
  "ball_visibility_score": 0.3105526559463219,
  "video_id": "XekcKc1pQJo"
}