{
  "frame_number": 5684,
  "timestamp": 189.65613333333334,
  "ball_visibility_score": 0.6458926260255736,
  "video_id": "XekcKc1pQJo"
}