{
  "frame_number": 5908,
  "timestamp": 197.13026666666667,
  "ball_visibility_score": 0.5201063431766273,
  "video_id": "XekcKc1pQJo"
}