{
  "frame_number": 5726,
  "timestamp": 191.05753333333334,
  "ball_visibility_score": 0.6453570600006767,
  "video_id": "XekcKc1pQJo"
}