{
  "frame_number": 6034,
  "timestamp": 201.33446666666666,
  "ball_visibility_score": 0.6382021062765445,
  "video_id": "XekcKc1pQJo"
}