{
  "frame_number": 5894,
  "timestamp": 196.66313333333335,
  "ball_visibility_score": 0.5201063431766273,
  "video_id": "XekcKc1pQJo"
}