{
  "frame_number": 5530,
  "timestamp": 184.51766666666666,
  "ball_visibility_score": 0.6139980715087278,
  "video_id": "XekcKc1pQJo"
}