{
  "frame_number": 5614,
  "timestamp": 187.32046666666668,
  "ball_visibility_score": 0.6320684192565494,
  "video_id": "XekcKc1pQJo"
}