{
  "frame_number": 5446,
  "timestamp": 181.71486666666667,
  "ball_visibility_score": 0.6454199978958738,
  "video_id": "XekcKc1pQJo"
}