{
  "frame_number": 5992,
  "timestamp": 199.93306666666666,
  "ball_visibility_score": 0.6358232208110283,
  "video_id": "XekcKc1pQJo"
}