{
  "frame_number": 5698,
  "timestamp": 190.12326666666667,
  "ball_visibility_score": 0.6453570600006767,
  "video_id": "XekcKc1pQJo"
}