{
  "frame_number": 5516,
  "timestamp": 184.05053333333333,
  "ball_visibility_score": 0.6204157684409306,
  "video_id": "XekcKc1pQJo"
}