{
  "frame_number": 392,
  "timestamp": 13.079733333333333,
  "ball_visibility_score": 0.3189001152974522,
  "video_id": "XekcKc1pQJo"
}