{
  "frame_number": 5866,
  "timestamp": 195.72886666666668,
  "ball_visibility_score": 0.5194209405719579,
  "video_id": "XekcKc1pQJo"
}