{
  "frame_number": 1064,
  "timestamp": 35.50213333333333,
  "ball_visibility_score": 0.302750981110726,
  "video_id": "XekcKc1pQJo"
}