{
  "frame_number": 5768,
  "timestamp": 192.45893333333333,
  "ball_visibility_score": 0.6838710746675821,
  "video_id": "XekcKc1pQJo"
}