{
  "frame_number": 5656,
  "timestamp": 188.72186666666667,
  "ball_visibility_score": 0.646160409038022,
  "video_id": "XekcKc1pQJo"
}