{
  "frame_number": 5558,
  "timestamp": 185.45193333333333,
  "ball_visibility_score": 0.6145094169774005,
  "video_id": "XekcKc1pQJo"
}