{
  "frame_number": 5432,
  "timestamp": 181.24773333333334,
  "ball_visibility_score": 0.6650175838036464,
  "video_id": "XekcKc1pQJo"
}