{
  "frame_number": 5460,
  "timestamp": 182.18200000000002,
  "ball_visibility_score": 0.6584706160307089,
  "video_id": "XekcKc1pQJo"
}