{
  "frame_number": 5782,
  "timestamp": 192.92606666666666,
  "ball_visibility_score": 0.6430760166813612,
  "video_id": "XekcKc1pQJo"
}