{
  "frame_number": 5642,
  "timestamp": 188.25473333333335,
  "ball_visibility_score": 0.646160409038022,
  "video_id": "XekcKc1pQJo"
}