{
  "frame_number": 5936,
  "timestamp": 198.06453333333334,
  "ball_visibility_score": 0.6946650037376698,
  "video_id": "XekcKc1pQJo"
}