{
  "frame_number": 5964,
  "timestamp": 198.99880000000002,
  "ball_visibility_score": 0.6428131129390199,
  "video_id": "XekcKc1pQJo"
}