{
  "frame_number": 5950,
  "timestamp": 198.53166666666667,
  "ball_visibility_score": 0.6592463685867117,
  "video_id": "XekcKc1pQJo"
}