{
  "frame_number": 5978,
  "timestamp": 199.46593333333334,
  "ball_visibility_score": 0.6358232208110283,
  "video_id": "XekcKc1pQJo"
}