{
  "frame_number": 5810,
  "timestamp": 193.86033333333333,
  "ball_visibility_score": 0.5194209405719579,
  "video_id": "XekcKc1pQJo"
}