{
  "frame_number": 5824,
  "timestamp": 194.32746666666668,
  "ball_visibility_score": 0.5194209405719579,
  "video_id": "XekcKc1pQJo"
}