{
  "frame_number": 5712,
  "timestamp": 190.59040000000002,
  "ball_visibility_score": 0.6453570600006767,
  "video_id": "XekcKc1pQJo"
}