{
  "frame_number": 5740,
  "timestamp": 191.52466666666666,
  "ball_visibility_score": 0.6407150250482376,
  "video_id": "XekcKc1pQJo"
}