{
  "frame_number": 1568,
  "timestamp": 52.318933333333334,
  "ball_visibility_score": 0.31254358691058354,
  "video_id": "XekcKc1pQJo"
}