{
  "frame_number": 5572,
  "timestamp": 185.91906666666668,
  "ball_visibility_score": 0.6083847667598793,
  "video_id": "XekcKc1pQJo"
}