{
  "frame_number": 6020,
  "timestamp": 200.86733333333333,
  "ball_visibility_score": 0.6358232208110283,
  "video_id": "XekcKc1pQJo"
}