{
  "frame_number": 1120,
  "timestamp": 37.370666666666665,
  "ball_visibility_score": 0.30179286389303805,
  "video_id": "XekcKc1pQJo"
}