{
  "frame_number": 5488,
  "timestamp": 183.11626666666666,
  "ball_visibility_score": 0.6031593037884937,
  "video_id": "XekcKc1pQJo"
}