{
  "frame_number": 5600,
  "timestamp": 186.85333333333332,
  "ball_visibility_score": 0.6320684192565494,
  "video_id": "XekcKc1pQJo"
}