{
  "frame_number": 5852,
  "timestamp": 195.26173333333332,
  "ball_visibility_score": 0.5207917457812967,
  "video_id": "XekcKc1pQJo"
}