{
  "frame_number": 3674,
  "timestamp": 153.23641666666666,
  "ball_visibility_score": 0.5855047161373056,
  "video_id": "VppfXpv-gG0"
}