{
  "frame_number": 6171,
  "timestamp": 257.382125,
  "ball_visibility_score": 0.5823742448560966,
  "video_id": "VppfXpv-gG0"
}