{
  "frame_number": 2937,
  "timestamp": 122.49737499999999,
  "ball_visibility_score": 0.42697954643884184,
  "video_id": "VppfXpv-gG0"
}