{
  "frame_number": 572,
  "timestamp": 23.857166666666664,
  "ball_visibility_score": 0.5872251419967991,
  "video_id": "VppfXpv-gG0"
}