{
  "frame_number": 6237,
  "timestamp": 260.13487499999997,
  "ball_visibility_score": 0.5823742456729374,
  "video_id": "VppfXpv-gG0"
}