{
  "frame_number": 3652,
  "timestamp": 152.31883333333332,
  "ball_visibility_score": 0.4023417522912133,
  "video_id": "VppfXpv-gG0"
}