{
  "frame_number": 341,
  "timestamp": 14.222541666666666,
  "ball_visibility_score": 0.5837105205610718,
  "video_id": "VppfXpv-gG0"
}