{
  "frame_number": 3718,
  "timestamp": 155.07158333333334,
  "ball_visibility_score": 0.5406821597299042,
  "video_id": "VppfXpv-gG0"
}