{
  "frame_number": 6325,
  "timestamp": 263.8052083333333,
  "ball_visibility_score": 0.5801494782314468,
  "video_id": "VppfXpv-gG0"
}