{
  "frame_number": 6105,
  "timestamp": 254.62937499999998,
  "ball_visibility_score": 0.42181594402267136,
  "video_id": "VppfXpv-gG0"
}