{
  "frame_number": 6369,
  "timestamp": 265.640375,
  "ball_visibility_score": 0.5801494782314468,
  "video_id": "VppfXpv-gG0"
}