{
  "frame_number": 1903,
  "timestamp": 79.37095833333333,
  "ball_visibility_score": 0.30512815564369394,
  "video_id": "VppfXpv-gG0"
}