{
  "frame_number": 4114,
  "timestamp": 171.58808333333332,
  "ball_visibility_score": 0.5300665977399737,
  "video_id": "VppfXpv-gG0"
}