{
  "frame_number": 6292,
  "timestamp": 262.42883333333333,
  "ball_visibility_score": 0.5801494782314468,
  "video_id": "VppfXpv-gG0"
}