{
  "frame_number": 6347,
  "timestamp": 264.72279166666664,
  "ball_visibility_score": 0.5801494782314468,
  "video_id": "VppfXpv-gG0"
}