{
  "frame_number": 2431,
  "timestamp": 101.39295833333333,
  "ball_visibility_score": 0.31251851566604605,
  "video_id": "VppfXpv-gG0"
}