{
  "frame_number": 2057,
  "timestamp": 85.79404166666666,
  "ball_visibility_score": 0.426864509760754,
  "video_id": "VppfXpv-gG0"
}