{
  "frame_number": 451,
  "timestamp": 18.810458333333333,
  "ball_visibility_score": 0.6018878700565714,
  "video_id": "VppfXpv-gG0"
}