{
  "frame_number": 3641,
  "timestamp": 151.86004166666666,
  "ball_visibility_score": 0.47489598213302614,
  "video_id": "VppfXpv-gG0"
}