{
  "frame_number": 385,
  "timestamp": 16.05770833333333,
  "ball_visibility_score": 0.6018878700565714,
  "video_id": "VppfXpv-gG0"
}