{
  "frame_number": 4092,
  "timestamp": 170.67049999999998,
  "ball_visibility_score": 0.5219026790680504,
  "video_id": "VppfXpv-gG0"
}