{
  "frame_number": 462,
  "timestamp": 19.26925,
  "ball_visibility_score": 0.6018878700565714,
  "video_id": "VppfXpv-gG0"
}