{
  "frame_number": 396,
  "timestamp": 16.516499999999997,
  "ball_visibility_score": 0.6018878700565714,
  "video_id": "VppfXpv-gG0"
}