{
  "frame_number": 6336,
  "timestamp": 264.26399999999995,
  "ball_visibility_score": 0.5801494782314468,
  "video_id": "VppfXpv-gG0"
}