{
  "frame_number": 495,
  "timestamp": 20.645625,
  "ball_visibility_score": 0.6018878700565714,
  "video_id": "VppfXpv-gG0"
}