{
  "frame_number": 6270,
  "timestamp": 261.51124999999996,
  "ball_visibility_score": 0.5823742456729374,
  "video_id": "VppfXpv-gG0"
}