{
  "frame_number": 374,
  "timestamp": 15.598916666666666,
  "ball_visibility_score": 0.6019436918433485,
  "video_id": "VppfXpv-gG0"
}