{
  "frame_number": 3663,
  "timestamp": 152.777625,
  "ball_visibility_score": 0.530018078707486,
  "video_id": "VppfXpv-gG0"
}