{
  "frame_number": 4103,
  "timestamp": 171.12929166666666,
  "ball_visibility_score": 0.536572107303284,
  "video_id": "VppfXpv-gG0"
}