{
  "frame_number": 440,
  "timestamp": 18.351666666666667,
  "ball_visibility_score": 0.6018878700565714,
  "video_id": "VppfXpv-gG0"
}