{
  "frame_number": 594,
  "timestamp": 24.774749999999997,
  "ball_visibility_score": 0.5872251419967991,
  "video_id": "VppfXpv-gG0"
}