{
  "frame_number": 33,
  "timestamp": 1.376375,
  "ball_visibility_score": 0.5621192714188746,
  "video_id": "VppfXpv-gG0"
}