{
  "frame_number": 6303,
  "timestamp": 262.88762499999996,
  "ball_visibility_score": 0.5801494782314468,
  "video_id": "VppfXpv-gG0"
}