{
  "frame_number": 539,
  "timestamp": 22.480791666666665,
  "ball_visibility_score": 0.5872251419967991,
  "video_id": "VppfXpv-gG0"
}