{
  "frame_number": 2068,
  "timestamp": 86.25283333333333,
  "ball_visibility_score": 0.4642190414320835,
  "video_id": "VppfXpv-gG0"
}