{
  "frame_number": 605,
  "timestamp": 25.233541666666664,
  "ball_visibility_score": 0.5872251419967991,
  "video_id": "VppfXpv-gG0"
}