{
  "frame_number": 484,
  "timestamp": 20.186833333333333,
  "ball_visibility_score": 0.6018878700565714,
  "video_id": "VppfXpv-gG0"
}