{
  "frame_number": 550,
  "timestamp": 22.93958333333333,
  "ball_visibility_score": 0.5872251419967991,
  "video_id": "VppfXpv-gG0"
}