{
  "frame_number": 3707,
  "timestamp": 154.61279166666665,
  "ball_visibility_score": 0.3806812772993683,
  "video_id": "VppfXpv-gG0"
}