{
  "frame_number": 561,
  "timestamp": 23.398374999999998,
  "ball_visibility_score": 0.5872251419967991,
  "video_id": "VppfXpv-gG0"
}