{
  "frame_number": 407,
  "timestamp": 16.975291666666667,
  "ball_visibility_score": 0.6018878700565714,
  "video_id": "VppfXpv-gG0"
}