{
  "frame_number": 6061,
  "timestamp": 252.7942083333333,
  "ball_visibility_score": 0.5076310345418574,
  "video_id": "VppfXpv-gG0"
}