{
  "frame_number": 1936,
  "timestamp": 80.74733333333333,
  "ball_visibility_score": 0.6467901684684572,
  "video_id": "VppfXpv-gG0"
}