{
  "frame_number": 638,
  "timestamp": 26.609916666666663,
  "ball_visibility_score": 0.5872251419967991,
  "video_id": "VppfXpv-gG0"
}