{
  "frame_number": 44,
  "timestamp": 1.8351666666666666,
  "ball_visibility_score": 0.5548346128248015,
  "video_id": "VppfXpv-gG0"
}