{
  "frame_number": 517,
  "timestamp": 21.563208333333332,
  "ball_visibility_score": 0.5872251419967991,
  "video_id": "VppfXpv-gG0"
}