{
  "frame_number": 319,
  "timestamp": 13.304958333333332,
  "ball_visibility_score": 0.6254230995969234,
  "video_id": "VppfXpv-gG0"
}