{
  "frame_number": 6215,
  "timestamp": 259.21729166666665,
  "ball_visibility_score": 0.5823742456729374,
  "video_id": "VppfXpv-gG0"
}