{
  "frame_number": 4081,
  "timestamp": 170.21170833333332,
  "ball_visibility_score": 0.4749814116883753,
  "video_id": "VppfXpv-gG0"
}