{
  "frame_number": 6193,
  "timestamp": 258.29970833333334,
  "ball_visibility_score": 0.5823742456729374,
  "video_id": "VppfXpv-gG0"
}