{
  "frame_number": 352,
  "timestamp": 14.681333333333333,
  "ball_visibility_score": 0.5837105205610718,
  "video_id": "VppfXpv-gG0"
}