{
  "frame_number": 1925,
  "timestamp": 80.28854166666666,
  "ball_visibility_score": 0.41241347080508894,
  "video_id": "VppfXpv-gG0"
}