{
  "frame_number": 2409,
  "timestamp": 100.475375,
  "ball_visibility_score": 0.3467280002949506,
  "video_id": "VppfXpv-gG0"
}