{
  "frame_number": 616,
  "timestamp": 25.69233333333333,
  "ball_visibility_score": 0.5872251419967991,
  "video_id": "VppfXpv-gG0"
}