{
  "frame_number": 6314,
  "timestamp": 263.34641666666664,
  "ball_visibility_score": 0.5801494782314468,
  "video_id": "VppfXpv-gG0"
}