{
  "frame_number": 649,
  "timestamp": 27.06870833333333,
  "ball_visibility_score": 0.5863081517923915,
  "video_id": "VppfXpv-gG0"
}