{
  "frame_number": 6358,
  "timestamp": 265.1815833333333,
  "ball_visibility_score": 0.5801494782314468,
  "video_id": "VppfXpv-gG0"
}