{
  "frame_number": 6281,
  "timestamp": 261.97004166666665,
  "ball_visibility_score": 0.5801494782314468,
  "video_id": "VppfXpv-gG0"
}