{
  "frame_number": 418,
  "timestamp": 17.434083333333334,
  "ball_visibility_score": 0.6018878700565714,
  "video_id": "VppfXpv-gG0"
}