{
  "frame_number": 6226,
  "timestamp": 259.67608333333334,
  "ball_visibility_score": 0.5823742456729374,
  "video_id": "VppfXpv-gG0"
}