{
  "frame_number": 6050,
  "timestamp": 252.33541666666665,
  "ball_visibility_score": 0.4090605249976655,
  "video_id": "VppfXpv-gG0"
}