{
  "frame_number": 2090,
  "timestamp": 87.17041666666665,
  "ball_visibility_score": 0.4447403955769834,
  "video_id": "VppfXpv-gG0"
}