{
  "frame_number": 330,
  "timestamp": 13.763749999999998,
  "ball_visibility_score": 0.6037537930932984,
  "video_id": "VppfXpv-gG0"
}