{
  "frame_number": 363,
  "timestamp": 15.140125,
  "ball_visibility_score": 0.5855225434553555,
  "video_id": "VppfXpv-gG0"
}