{
  "frame_number": 506,
  "timestamp": 21.104416666666665,
  "ball_visibility_score": 0.5913710216259481,
  "video_id": "VppfXpv-gG0"
}