{
  "frame_number": 6160,
  "timestamp": 256.9233333333333,
  "ball_visibility_score": 0.5802410076561644,
  "video_id": "VppfXpv-gG0"
}