{
  "frame_number": 2442,
  "timestamp": 101.85175,
  "ball_visibility_score": 0.4010454272725718,
  "video_id": "VppfXpv-gG0"
}