{
  "frame_number": 6248,
  "timestamp": 260.59366666666665,
  "ball_visibility_score": 0.5823742456729374,
  "video_id": "VppfXpv-gG0"
}