{
  "frame_number": 583,
  "timestamp": 24.31595833333333,
  "ball_visibility_score": 0.5872251419967991,
  "video_id": "VppfXpv-gG0"
}