{
  "frame_number": 6204,
  "timestamp": 258.75849999999997,
  "ball_visibility_score": 0.5823742456729374,
  "video_id": "VppfXpv-gG0"
}