{
  "frame_number": 3685,
  "timestamp": 153.6952083333333,
  "ball_visibility_score": 0.6265025418231305,
  "video_id": "VppfXpv-gG0"
}