{
  "frame_number": 6259,
  "timestamp": 261.05245833333333,
  "ball_visibility_score": 0.5823742456729374,
  "video_id": "VppfXpv-gG0"
}