{
  "frame_number": 6116,
  "timestamp": 255.08816666666664,
  "ball_visibility_score": 0.47319243411998296,
  "video_id": "VppfXpv-gG0"
}