{
  "frame_number": 627,
  "timestamp": 26.151124999999997,
  "ball_visibility_score": 0.5872251419967991,
  "video_id": "VppfXpv-gG0"
}