{
  "frame_number": 429,
  "timestamp": 17.892875,
  "ball_visibility_score": 0.6018878700565714,
  "video_id": "VppfXpv-gG0"
}