{
  "frame_number": 4136,
  "timestamp": 172.50566666666666,
  "ball_visibility_score": 0.5315536158557461,
  "video_id": "VppfXpv-gG0"
}