{
  "frame_number": 5731,
  "timestamp": 239.0304583333333,
  "ball_visibility_score": 0.5393203889600265,
  "video_id": "VppfXpv-gG0"
}