{
  "frame_number": 2079,
  "timestamp": 86.711625,
  "ball_visibility_score": 0.4561105678705966,
  "video_id": "VppfXpv-gG0"
}