{
  "frame_number": 3630,
  "timestamp": 151.40124999999998,
  "ball_visibility_score": 0.5485328489079377,
  "video_id": "VppfXpv-gG0"
}