{
  "frame_number": 2046,
  "timestamp": 85.33524999999999,
  "ball_visibility_score": 0.394567632519926,
  "video_id": "VppfXpv-gG0"
}