{
  "frame_number": 6182,
  "timestamp": 257.84091666666666,
  "ball_visibility_score": 0.5823742456729374,
  "video_id": "VppfXpv-gG0"
}