{
  "frame_number": 473,
  "timestamp": 19.728041666666666,
  "ball_visibility_score": 0.6018878700565714,
  "video_id": "VppfXpv-gG0"
}