{
  "frame_number": 4125,
  "timestamp": 172.046875,
  "ball_visibility_score": 0.5229490358887522,
  "video_id": "VppfXpv-gG0"
}