{
  "frame_number": 2926,
  "timestamp": 122.03858333333332,
  "ball_visibility_score": 0.42413202003142747,
  "video_id": "VppfXpv-gG0"
}