{
  "frame_number": 3608,
  "timestamp": 150.48366666666666,
  "ball_visibility_score": 0.35295032215031147,
  "video_id": "VppfXpv-gG0"
}