{
  "frame_number": 1969,
  "timestamp": 82.12370833333333,
  "ball_visibility_score": 0.41719433447259635,
  "video_id": "VppfXpv-gG0"
}