{
  "frame_number": 2646,
  "timestamp": 88.28828828828829,
  "ball_visibility_score": 0.31549652459836325,
  "video_id": "X9f_c6LHoTI"
}