{
  "frame_number": 5418,
  "timestamp": 180.7807807807808,
  "ball_visibility_score": 0.3807729604411495,
  "video_id": "X9f_c6LHoTI"
}