{
  "frame_number": 1260,
  "timestamp": 42.04204204204204,
  "ball_visibility_score": 0.46675106793287846,
  "video_id": "X9f_c6LHoTI"
}