{
  "frame_number": 4816,
  "timestamp": 160.69402736069404,
  "ball_visibility_score": 0.3659042375696742,
  "video_id": "X9f_c6LHoTI"
}