{
  "frame_number": 7196,
  "timestamp": 240.1067734401068,
  "ball_visibility_score": 0.402393542819602,
  "video_id": "X9f_c6LHoTI"
}