{
  "frame_number": 2674,
  "timestamp": 89.22255588922256,
  "ball_visibility_score": 0.31549652459836325,
  "video_id": "X9f_c6LHoTI"
}