{
  "frame_number": 1246,
  "timestamp": 41.57490824157491,
  "ball_visibility_score": 0.46675106793287846,
  "video_id": "X9f_c6LHoTI"
}