{
  "frame_number": 4830,
  "timestamp": 161.16116116116117,
  "ball_visibility_score": 0.3659042375696742,
  "video_id": "X9f_c6LHoTI"
}