{
  "frame_number": 6720,
  "timestamp": 224.22422422422423,
  "ball_visibility_score": 0.40941935047002803,
  "video_id": "X9f_c6LHoTI"
}