{
  "frame_number": 7210,
  "timestamp": 240.5739072405739,
  "ball_visibility_score": 0.42623436880849314,
  "video_id": "X9f_c6LHoTI"
}