{
  "frame_number": 4872,
  "timestamp": 162.56256256256256,
  "ball_visibility_score": 0.3659042375696742,
  "video_id": "X9f_c6LHoTI"
}