{
  "frame_number": 6986,
  "timestamp": 233.09976643309977,
  "ball_visibility_score": 0.5053954814155223,
  "video_id": "X9f_c6LHoTI"
}