{
  "frame_number": 2618,
  "timestamp": 87.35402068735402,
  "ball_visibility_score": 0.31549652459836325,
  "video_id": "X9f_c6LHoTI"
}