{
  "frame_number": 7042,
  "timestamp": 234.9683016349683,
  "ball_visibility_score": 0.4021597151830534,
  "video_id": "X9f_c6LHoTI"
}