{
  "frame_number": 2604,
  "timestamp": 86.88688688688688,
  "ball_visibility_score": 0.31478794135056476,
  "video_id": "X9f_c6LHoTI"
}