{
  "frame_number": 7028,
  "timestamp": 234.5011678345012,
  "ball_visibility_score": 0.4611959813484054,
  "video_id": "X9f_c6LHoTI"
}