{
  "frame_number": 4844,
  "timestamp": 161.6282949616283,
  "ball_visibility_score": 0.3659042375696742,
  "video_id": "X9f_c6LHoTI"
}