{
  "frame_number": 7070,
  "timestamp": 235.90256923590258,
  "ball_visibility_score": 0.3115756588772369,
  "video_id": "X9f_c6LHoTI"
}