{
  "frame_number": 2632,
  "timestamp": 87.82115448782116,
  "ball_visibility_score": 0.31549652459836325,
  "video_id": "X9f_c6LHoTI"
}