{
  "frame_number": 7112,
  "timestamp": 237.303970637304,
  "ball_visibility_score": 0.3754178543834929,
  "video_id": "X9f_c6LHoTI"
}