{
  "frame_number": 4802,
  "timestamp": 160.2268935602269,
  "ball_visibility_score": 0.3530314159538832,
  "video_id": "X9f_c6LHoTI"
}