{
  "frame_number": 5474,
  "timestamp": 182.6493159826493,
  "ball_visibility_score": 0.40492121828912564,
  "video_id": "X9f_c6LHoTI"
}