{
  "frame_number": 560,
  "timestamp": 18.685352018685354,
  "ball_visibility_score": 0.519632596626179,
  "video_id": "X9f_c6LHoTI"
}