{
  "frame_number": 6748,
  "timestamp": 225.1584918251585,
  "ball_visibility_score": 0.42212979456905564,
  "video_id": "X9f_c6LHoTI"
}