{
  "frame_number": 7182,
  "timestamp": 239.63963963963965,
  "ball_visibility_score": 0.36618454245466564,
  "video_id": "X9f_c6LHoTI"
}