{
  "frame_number": 7126,
  "timestamp": 237.7711044377711,
  "ball_visibility_score": 0.4033066709538173,
  "video_id": "X9f_c6LHoTI"
}