{
  "frame_number": 532,
  "timestamp": 17.751084417751084,
  "ball_visibility_score": 0.5420178671707192,
  "video_id": "X9f_c6LHoTI"
}