{
  "frame_number": 5852,
  "timestamp": 195.26192859526194,
  "ball_visibility_score": 0.40843704620971616,
  "video_id": "X9f_c6LHoTI"
}