{
  "frame_number": 4774,
  "timestamp": 159.29262595929262,
  "ball_visibility_score": 0.38068092450628616,
  "video_id": "X9f_c6LHoTI"
}