{
  "frame_number": 5600,
  "timestamp": 186.85352018685353,
  "ball_visibility_score": 0.39698819585085415,
  "video_id": "X9f_c6LHoTI"
}