{
  "frame_number": 4788,
  "timestamp": 159.75975975975976,
  "ball_visibility_score": 0.358772546128958,
  "video_id": "X9f_c6LHoTI"
}