{
  "frame_number": 7014,
  "timestamp": 234.03403403403405,
  "ball_visibility_score": 0.3253036632502324,
  "video_id": "X9f_c6LHoTI"
}