{
  "frame_number": 4886,
  "timestamp": 163.0296963630297,
  "ball_visibility_score": 0.3659042375696742,
  "video_id": "X9f_c6LHoTI"
}