{
  "frame_number": 5012,
  "timestamp": 167.23390056723392,
  "ball_visibility_score": 0.42966774938329216,
  "video_id": "X9f_c6LHoTI"
}