{
  "frame_number": 7056,
  "timestamp": 235.43543543543544,
  "ball_visibility_score": 0.40928947962798345,
  "video_id": "X9f_c6LHoTI"
}