{
  "frame_number": 2548,
  "timestamp": 85.01835168501836,
  "ball_visibility_score": 0.5070746912676747,
  "video_id": "X9f_c6LHoTI"
}