{
  "frame_number": 6566,
  "timestamp": 219.08575241908576,
  "ball_visibility_score": 0.35898717080732956,
  "video_id": "X9f_c6LHoTI"
}