{
  "frame_number": 1274,
  "timestamp": 42.50917584250918,
  "ball_visibility_score": 0.33279453103186674,
  "video_id": "X9f_c6LHoTI"
}