{
  "frame_number": 546,
  "timestamp": 18.21821821821822,
  "ball_visibility_score": 0.5758547548113013,
  "video_id": "X9f_c6LHoTI"
}