{
  "frame_number": 2562,
  "timestamp": 85.48548548548548,
  "ball_visibility_score": 0.5146500982165052,
  "video_id": "X9f_c6LHoTI"
}