{
  "frame_number": 2660,
  "timestamp": 88.75542208875542,
  "ball_visibility_score": 0.31549652459836325,
  "video_id": "X9f_c6LHoTI"
}