{
  "frame_number": 4858,
  "timestamp": 162.09542876209542,
  "ball_visibility_score": 0.3659042375696742,
  "video_id": "X9f_c6LHoTI"
}