{
  "frame_number": 2688,
  "timestamp": 89.68968968968969,
  "ball_visibility_score": 0.31549652459836325,
  "video_id": "X9f_c6LHoTI"
}