{
  "frame_number": 294,
  "timestamp": 9.80980980980981,
  "ball_visibility_score": 0.5181293493310923,
  "video_id": "96Pl-20Pveg"
}