{
  "frame_number": 406,
  "timestamp": 13.546880213546881,
  "ball_visibility_score": 0.5160885448984709,
  "video_id": "96Pl-20Pveg"
}