{
  "frame_number": 700,
  "timestamp": 23.35669002335669,
  "ball_visibility_score": 0.3739574759657225,
  "video_id": "96Pl-20Pveg"
}