{
  "frame_number": 644,
  "timestamp": 21.488154821488155,
  "ball_visibility_score": 0.43808515988808744,
  "video_id": "96Pl-20Pveg"
}