{
  "frame_number": 854,
  "timestamp": 28.495161828495164,
  "ball_visibility_score": 0.5905879369776134,
  "video_id": "96Pl-20Pveg"
}