{
  "frame_number": 476,
  "timestamp": 15.88254921588255,
  "ball_visibility_score": 0.3909743071344883,
  "video_id": "96Pl-20Pveg"
}