{
  "frame_number": 350,
  "timestamp": 11.678345011678346,
  "ball_visibility_score": 0.5807590399813926,
  "video_id": "96Pl-20Pveg"
}