{
  "frame_number": 560,
  "timestamp": 18.685352018685354,
  "ball_visibility_score": 0.5796704002699227,
  "video_id": "96Pl-20Pveg"
}