{
  "frame_number": 518,
  "timestamp": 17.283950617283953,
  "ball_visibility_score": 0.6992233319047677,
  "video_id": "96Pl-20Pveg"
}