{
  "frame_number": 588,
  "timestamp": 19.61961961961962,
  "ball_visibility_score": 0.5137613693652492,
  "video_id": "96Pl-20Pveg"
}