{
  "frame_number": 378,
  "timestamp": 12.612612612612613,
  "ball_visibility_score": 0.4101211853982877,
  "video_id": "96Pl-20Pveg"
}