{
  "frame_number": 868,
  "timestamp": 28.9622956289623,
  "ball_visibility_score": 0.42165693883516725,
  "video_id": "96Pl-20Pveg"
}