{
  "frame_number": 364,
  "timestamp": 12.145478812145479,
  "ball_visibility_score": 0.6270294270081955,
  "video_id": "96Pl-20Pveg"
}