{
  "frame_number": 322,
  "timestamp": 10.744077410744078,
  "ball_visibility_score": 0.34820714577912265,
  "video_id": "96Pl-20Pveg"
}