{
  "frame_number": 798,
  "timestamp": 26.626626626626628,
  "ball_visibility_score": 0.31648227422610004,
  "video_id": "96Pl-20Pveg"
}