{
  "frame_number": 630,
  "timestamp": 21.02102102102102,
  "ball_visibility_score": 0.6542879505955891,
  "video_id": "96Pl-20Pveg"
}