{
  "frame_number": 742,
  "timestamp": 24.758091424758092,
  "ball_visibility_score": 0.3544072980700512,
  "video_id": "96Pl-20Pveg"
}