{
  "frame_number": 812,
  "timestamp": 27.093760427093763,
  "ball_visibility_score": 0.3937652836570552,
  "video_id": "96Pl-20Pveg"
}