{
  "frame_number": 728,
  "timestamp": 24.290957624290957,
  "ball_visibility_score": 0.31851347749653897,
  "video_id": "96Pl-20Pveg"
}