{
  "frame_number": 504,
  "timestamp": 16.816816816816818,
  "ball_visibility_score": 0.6999352391362882,
  "video_id": "96Pl-20Pveg"
}