{
  "frame_number": 658,
  "timestamp": 21.95528862195529,
  "ball_visibility_score": 0.37080854239146704,
  "video_id": "96Pl-20Pveg"
}