{
  "frame_number": 686,
  "timestamp": 22.889556222889556,
  "ball_visibility_score": 0.4323484548936451,
  "video_id": "96Pl-20Pveg"
}