{
  "frame_number": 392,
  "timestamp": 13.079746413079747,
  "ball_visibility_score": 0.3190882604218256,
  "video_id": "96Pl-20Pveg"
}