{
  "frame_number": 5264,
  "timestamp": 175.64230897564232,
  "ball_visibility_score": 0.32139959738394164,
  "video_id": "EG8Kvr2mZH8"
}