{
  "frame_number": 5726,
  "timestamp": 191.05772439105772,
  "ball_visibility_score": 0.3317972517659924,
  "video_id": "EG8Kvr2mZH8"
}