{
  "frame_number": 756,
  "timestamp": 25.225225225225227,
  "ball_visibility_score": 0.4950780342992404,
  "video_id": "EG8Kvr2mZH8"
}