{
  "frame_number": 7238,
  "timestamp": 241.50817484150818,
  "ball_visibility_score": 0.5797224777473207,
  "video_id": "EG8Kvr2mZH8"
}