{
  "frame_number": 2660,
  "timestamp": 88.75542208875542,
  "ball_visibility_score": 0.4150951570713598,
  "video_id": "EG8Kvr2mZH8"
}