{
  "frame_number": 1064,
  "timestamp": 35.50216883550217,
  "ball_visibility_score": 0.32174402837470106,
  "video_id": "EG8Kvr2mZH8"
}