{
  "frame_number": 6258,
  "timestamp": 208.8088088088088,
  "ball_visibility_score": 0.41425806055261427,
  "video_id": "EG8Kvr2mZH8"
}