{
  "frame_number": 7588,
  "timestamp": 253.18651985318652,
  "ball_visibility_score": 0.6882871507559825,
  "video_id": "EG8Kvr2mZH8"
}