{
  "frame_number": 686,
  "timestamp": 22.889556222889556,
  "ball_visibility_score": 0.43362079059843933,
  "video_id": "EG8Kvr2mZH8"
}