{
  "frame_number": 7308,
  "timestamp": 243.84384384384384,
  "ball_visibility_score": 0.5629300912637376,
  "video_id": "EG8Kvr2mZH8"
}