{
  "frame_number": 8092,
  "timestamp": 270.00333667000336,
  "ball_visibility_score": 0.5039275240919953,
  "video_id": "EG8Kvr2mZH8"
}