{
  "frame_number": 7826,
  "timestamp": 261.1277944611278,
  "ball_visibility_score": 0.4065478950777127,
  "video_id": "EG8Kvr2mZH8"
}