{
  "frame_number": 8162,
  "timestamp": 272.339005672339,
  "ball_visibility_score": 0.35387149885632857,
  "video_id": "EG8Kvr2mZH8"
}