{
  "frame_number": 6580,
  "timestamp": 219.5528862195529,
  "ball_visibility_score": 0.5415632389580549,
  "video_id": "EG8Kvr2mZH8"
}