{
  "frame_number": 6566,
  "timestamp": 219.08575241908576,
  "ball_visibility_score": 0.40160071322169444,
  "video_id": "EG8Kvr2mZH8"
}