{
  "frame_number": 1442,
  "timestamp": 48.11478144811478,
  "ball_visibility_score": 0.37731117771082856,
  "video_id": "EG8Kvr2mZH8"
}