{
  "frame_number": 1386,
  "timestamp": 46.24624624624625,
  "ball_visibility_score": 0.4435715915427684,
  "video_id": "EG8Kvr2mZH8"
}