{
  "frame_number": 8666,
  "timestamp": 289.1558224891558,
  "ball_visibility_score": 0.38277253377425663,
  "video_id": "EG8Kvr2mZH8"
}