{
  "frame_number": 8610,
  "timestamp": 287.2872872872873,
  "ball_visibility_score": 0.4588702326228424,
  "video_id": "EG8Kvr2mZH8"
}