{
  "frame_number": 6538,
  "timestamp": 218.1514848181515,
  "ball_visibility_score": 0.3470278014930548,
  "video_id": "EG8Kvr2mZH8"
}