{
  "frame_number": 5712,
  "timestamp": 190.5905905905906,
  "ball_visibility_score": 0.30347206603028626,
  "video_id": "EG8Kvr2mZH8"
}