{
  "frame_number": 8512,
  "timestamp": 284.01735068401734,
  "ball_visibility_score": 0.5222281112358261,
  "video_id": "EG8Kvr2mZH8"
}