{
  "frame_number": 7252,
  "timestamp": 241.97530864197532,
  "ball_visibility_score": 0.5576455653627429,
  "video_id": "EG8Kvr2mZH8"
}