{
  "frame_number": 7574,
  "timestamp": 252.7193860527194,
  "ball_visibility_score": 0.764205378212347,
  "video_id": "EG8Kvr2mZH8"
}