{
  "frame_number": 1106,
  "timestamp": 36.90357023690357,
  "ball_visibility_score": 0.39231915759412145,
  "video_id": "EG8Kvr2mZH8"
}