{
  "frame_number": 5992,
  "timestamp": 199.93326659993326,
  "ball_visibility_score": 0.34805884685615324,
  "video_id": "EG8Kvr2mZH8"
}