{
  "frame_number": 6650,
  "timestamp": 221.88855522188857,
  "ball_visibility_score": 0.6656376068309248,
  "video_id": "EG8Kvr2mZH8"
}