{
  "frame_number": 7392,
  "timestamp": 246.64664664664664,
  "ball_visibility_score": 0.5607874236313575,
  "video_id": "EG8Kvr2mZH8"
}