{
  "frame_number": 5558,
  "timestamp": 185.45211878545211,
  "ball_visibility_score": 0.6590220123770679,
  "video_id": "EG8Kvr2mZH8"
}