{
  "frame_number": 5600,
  "timestamp": 186.85352018685353,
  "ball_visibility_score": 0.5501596435186661,
  "video_id": "EG8Kvr2mZH8"
}