{
  "frame_number": 1148,
  "timestamp": 38.30497163830497,
  "ball_visibility_score": 0.3920899588083839,
  "video_id": "EG8Kvr2mZH8"
}