{
  "frame_number": 5572,
  "timestamp": 185.91925258591925,
  "ball_visibility_score": 0.42500948936847616,
  "video_id": "EG8Kvr2mZH8"
}