{
  "frame_number": 6496,
  "timestamp": 216.7500834167501,
  "ball_visibility_score": 0.5907645431126616,
  "video_id": "EG8Kvr2mZH8"
}