{
  "frame_number": 6930,
  "timestamp": 231.23123123123125,
  "ball_visibility_score": 0.5942579783874488,
  "video_id": "EG8Kvr2mZH8"
}