{
  "frame_number": 7448,
  "timestamp": 248.5151818485152,
  "ball_visibility_score": 0.5556797947072177,
  "video_id": "EG8Kvr2mZH8"
}