{
  "frame_number": 7462,
  "timestamp": 248.98231564898234,
  "ball_visibility_score": 0.5555377134505807,
  "video_id": "EG8Kvr2mZH8"
}