{
  "frame_number": 7770,
  "timestamp": 259.2592592592593,
  "ball_visibility_score": 0.40007291078433804,
  "video_id": "EG8Kvr2mZH8"
}