{
  "frame_number": 7672,
  "timestamp": 255.98932265598933,
  "ball_visibility_score": 0.4604289047763749,
  "video_id": "EG8Kvr2mZH8"
}