{
  "frame_number": 6608,
  "timestamp": 220.48715382048715,
  "ball_visibility_score": 0.6982740842321836,
  "video_id": "EG8Kvr2mZH8"
}