{
  "frame_number": 4788,
  "timestamp": 159.75975975975976,
  "ball_visibility_score": 0.3734150749014037,
  "video_id": "EG8Kvr2mZH8"
}