{
  "frame_number": 6300,
  "timestamp": 210.21021021021022,
  "ball_visibility_score": 0.43311569509309145,
  "video_id": "EG8Kvr2mZH8"
}