{
  "frame_number": 8106,
  "timestamp": 270.4704704704705,
  "ball_visibility_score": 0.47405718713847206,
  "video_id": "EG8Kvr2mZH8"
}