{
  "frame_number": 7280,
  "timestamp": 242.9095762429096,
  "ball_visibility_score": 0.5589382615847848,
  "video_id": "EG8Kvr2mZH8"
}