{
  "frame_number": 6944,
  "timestamp": 231.6983650316984,
  "ball_visibility_score": 0.5102810478781692,
  "video_id": "EG8Kvr2mZH8"
}