{
  "frame_number": 5544,
  "timestamp": 184.984984984985,
  "ball_visibility_score": 0.33380419643530745,
  "video_id": "EG8Kvr2mZH8"
}