{
  "frame_number": 7140,
  "timestamp": 238.23823823823824,
  "ball_visibility_score": 0.3407968258056837,
  "video_id": "EG8Kvr2mZH8"
}