{
  "frame_number": 238,
  "timestamp": 7.941274607941275,
  "ball_visibility_score": 0.4300258449299749,
  "video_id": "EG8Kvr2mZH8"
}