{
  "frame_number": 742,
  "timestamp": 24.758091424758092,
  "ball_visibility_score": 0.4263726115880267,
  "video_id": "EG8Kvr2mZH8"
}