{
  "frame_number": 7798,
  "timestamp": 260.1935268601935,
  "ball_visibility_score": 0.4843272466132222,
  "video_id": "EG8Kvr2mZH8"
}