{
  "frame_number": 6314,
  "timestamp": 210.67734401067736,
  "ball_visibility_score": 0.454638237516721,
  "video_id": "EG8Kvr2mZH8"
}