{
  "frame_number": 2184,
  "timestamp": 72.87287287287288,
  "ball_visibility_score": 0.4685554287525989,
  "video_id": "EG8Kvr2mZH8"
}