{
  "frame_number": 1400,
  "timestamp": 46.71338004671338,
  "ball_visibility_score": 0.42777494914421815,
  "video_id": "EG8Kvr2mZH8"
}