{
  "frame_number": 7378,
  "timestamp": 246.17951284617953,
  "ball_visibility_score": 0.5710806770759146,
  "video_id": "EG8Kvr2mZH8"
}