{
  "frame_number": 7546,
  "timestamp": 251.78511845178514,
  "ball_visibility_score": 0.4573619669852913,
  "video_id": "EG8Kvr2mZH8"
}