{
  "frame_number": 7350,
  "timestamp": 245.24524524524526,
  "ball_visibility_score": 0.5627858422271304,
  "video_id": "EG8Kvr2mZH8"
}