{
  "frame_number": 6916,
  "timestamp": 230.7640974307641,
  "ball_visibility_score": 0.4335500880360765,
  "video_id": "EG8Kvr2mZH8"
}