{
  "frame_number": 7322,
  "timestamp": 244.31097764431098,
  "ball_visibility_score": 0.5617896665294898,
  "video_id": "EG8Kvr2mZH8"
}