{
  "frame_number": 6384,
  "timestamp": 213.01301301301302,
  "ball_visibility_score": 0.3578593269640846,
  "video_id": "EG8Kvr2mZH8"
}