{
  "frame_number": 3220,
  "timestamp": 107.44077410744077,
  "ball_visibility_score": 0.7188515435843084,
  "video_id": "EG8Kvr2mZH8"
}