{
  "frame_number": 8176,
  "timestamp": 272.80613947280614,
  "ball_visibility_score": 0.5499877794616934,
  "video_id": "EG8Kvr2mZH8"
}