{
  "frame_number": 308,
  "timestamp": 10.276943610276945,
  "ball_visibility_score": 0.3982458725677284,
  "video_id": "EG8Kvr2mZH8"
}