{
  "frame_number": 7658,
  "timestamp": 255.5221888555222,
  "ball_visibility_score": 0.4910799849959887,
  "video_id": "EG8Kvr2mZH8"
}