{
  "frame_number": 5978,
  "timestamp": 199.46613279946615,
  "ball_visibility_score": 0.39188702033610306,
  "video_id": "EG8Kvr2mZH8"
}