{
  "frame_number": 5278,
  "timestamp": 176.10944277610946,
  "ball_visibility_score": 0.3107394479044623,
  "video_id": "EG8Kvr2mZH8"
}