{
  "frame_number": 7616,
  "timestamp": 254.1207874541208,
  "ball_visibility_score": 0.5022968553619458,
  "video_id": "EG8Kvr2mZH8"
}