{
  "frame_number": 7602,
  "timestamp": 253.65365365365366,
  "ball_visibility_score": 0.5913709233547536,
  "video_id": "EG8Kvr2mZH8"
}