{
  "frame_number": 1274,
  "timestamp": 42.50917584250918,
  "ball_visibility_score": 0.5345483360605895,
  "video_id": "EG8Kvr2mZH8"
}