{
  "frame_number": 7742,
  "timestamp": 258.324991658325,
  "ball_visibility_score": 0.398198303862784,
  "video_id": "EG8Kvr2mZH8"
}