{
  "frame_number": 7812,
  "timestamp": 260.66066066066065,
  "ball_visibility_score": 0.40129796470418627,
  "video_id": "EG8Kvr2mZH8"
}