{
  "frame_number": 6412,
  "timestamp": 213.9472806139473,
  "ball_visibility_score": 0.3616184244766062,
  "video_id": "EG8Kvr2mZH8"
}