{
  "frame_number": 2674,
  "timestamp": 89.22255588922256,
  "ball_visibility_score": 0.42071094013558147,
  "video_id": "EG8Kvr2mZH8"
}