{
  "frame_number": 42,
  "timestamp": 1.4014014014014013,
  "ball_visibility_score": 0.5146788388282166,
  "video_id": "EG8Kvr2mZH8"
}