{
  "frame_number": 980,
  "timestamp": 32.699366032699366,
  "ball_visibility_score": 0.37787295150769223,
  "video_id": "EG8Kvr2mZH8"
}