{
  "frame_number": 4886,
  "timestamp": 163.0296963630297,
  "ball_visibility_score": 0.5333808773838993,
  "video_id": "EG8Kvr2mZH8"
}