{
  "frame_number": 7336,
  "timestamp": 244.77811144477812,
  "ball_visibility_score": 0.5627858422271304,
  "video_id": "EG8Kvr2mZH8"
}