{
  "frame_number": 5628,
  "timestamp": 187.7877877877878,
  "ball_visibility_score": 0.726760084011284,
  "video_id": "EG8Kvr2mZH8"
}