{
  "frame_number": 7224,
  "timestamp": 241.04104104104104,
  "ball_visibility_score": 0.5746362231981673,
  "video_id": "EG8Kvr2mZH8"
}