{
  "frame_number": 6174,
  "timestamp": 206.006006006006,
  "ball_visibility_score": 0.5049287313936168,
  "video_id": "EG8Kvr2mZH8"
}