{
  "frame_number": 7882,
  "timestamp": 262.99632966299635,
  "ball_visibility_score": 0.4502444440621662,
  "video_id": "EG8Kvr2mZH8"
}