{
  "frame_number": 1092,
  "timestamp": 36.43643643643644,
  "ball_visibility_score": 0.37704866836468454,
  "video_id": "EG8Kvr2mZH8"
}