{
  "frame_number": 7490,
  "timestamp": 249.91658324991658,
  "ball_visibility_score": 0.5666812408480524,
  "video_id": "EG8Kvr2mZH8"
}