{
  "frame_number": 6678,
  "timestamp": 222.82282282282284,
  "ball_visibility_score": 0.48687155611000593,
  "video_id": "EG8Kvr2mZH8"
}