{
  "frame_number": 8232,
  "timestamp": 274.6746746746747,
  "ball_visibility_score": 0.4663361335319549,
  "video_id": "EG8Kvr2mZH8"
}