{
  "frame_number": 7476,
  "timestamp": 249.44944944944945,
  "ball_visibility_score": 0.560364673623833,
  "video_id": "EG8Kvr2mZH8"
}