{
  "frame_number": 6034,
  "timestamp": 201.33466800133468,
  "ball_visibility_score": 0.6409102923920353,
  "video_id": "EG8Kvr2mZH8"
}