{
  "frame_number": 7840,
  "timestamp": 261.59492826159493,
  "ball_visibility_score": 0.47967404517632917,
  "video_id": "EG8Kvr2mZH8"
}