{
  "frame_number": 1414,
  "timestamp": 47.180513847180514,
  "ball_visibility_score": 0.4303031834830834,
  "video_id": "EG8Kvr2mZH8"
}