{
  "frame_number": 7168,
  "timestamp": 239.17250583917252,
  "ball_visibility_score": 0.5496583319102302,
  "video_id": "EG8Kvr2mZH8"
}