{
  "frame_number": 7210,
  "timestamp": 240.5739072405739,
  "ball_visibility_score": 0.5607875925571583,
  "video_id": "EG8Kvr2mZH8"
}