{
  "frame_number": 7560,
  "timestamp": 252.25225225225225,
  "ball_visibility_score": 0.755264314612344,
  "video_id": "EG8Kvr2mZH8"
}