{
  "frame_number": 672,
  "timestamp": 22.42242242242242,
  "ball_visibility_score": 0.3975931167132374,
  "video_id": "EG8Kvr2mZH8"
}