{
  "frame_number": 6426,
  "timestamp": 214.4144144144144,
  "ball_visibility_score": 0.6087751006904173,
  "video_id": "EG8Kvr2mZH8"
}