{
  "frame_number": 5614,
  "timestamp": 187.32065398732067,
  "ball_visibility_score": 0.6484125356999884,
  "video_id": "EG8Kvr2mZH8"
}