{
  "frame_number": 7154,
  "timestamp": 238.70537203870538,
  "ball_visibility_score": 0.5514665426899646,
  "video_id": "EG8Kvr2mZH8"
}