{
  "frame_number": 6524,
  "timestamp": 217.68435101768435,
  "ball_visibility_score": 0.31069224900981274,
  "video_id": "EG8Kvr2mZH8"
}