{
  "frame_number": 7630,
  "timestamp": 254.58792125458794,
  "ball_visibility_score": 0.49336519397314554,
  "video_id": "EG8Kvr2mZH8"
}