{
  "frame_number": 7364,
  "timestamp": 245.7123790457124,
  "ball_visibility_score": 0.5620899794909119,
  "video_id": "EG8Kvr2mZH8"
}