{
  "frame_number": 28,
  "timestamp": 0.9342676009342676,
  "ball_visibility_score": 0.5160222327580837,
  "video_id": "EG8Kvr2mZH8"
}