{
  "frame_number": 7434,
  "timestamp": 248.04804804804806,
  "ball_visibility_score": 0.5547001339469126,
  "video_id": "EG8Kvr2mZH8"
}