{
  "frame_number": 5586,
  "timestamp": 186.3863863863864,
  "ball_visibility_score": 0.6792098694264314,
  "video_id": "EG8Kvr2mZH8"
}