{
  "frame_number": 1428,
  "timestamp": 47.64764764764765,
  "ball_visibility_score": 0.39780284149689454,
  "video_id": "EG8Kvr2mZH8"
}