{
  "frame_number": 7784,
  "timestamp": 259.7263930597264,
  "ball_visibility_score": 0.3990711898009146,
  "video_id": "EG8Kvr2mZH8"
}