{
  "frame_number": 7196,
  "timestamp": 240.1067734401068,
  "ball_visibility_score": 0.556092305179258,
  "video_id": "EG8Kvr2mZH8"
}