{
  "frame_number": 6594,
  "timestamp": 220.02002002002004,
  "ball_visibility_score": 0.40154034646382436,
  "video_id": "EG8Kvr2mZH8"
}