{
  "frame_number": 6874,
  "timestamp": 229.3626960293627,
  "ball_visibility_score": 0.5388905402268329,
  "video_id": "EG8Kvr2mZH8"
}