{
  "frame_number": 3206,
  "timestamp": 106.97364030697365,
  "ball_visibility_score": 0.7404806919470655,
  "video_id": "EG8Kvr2mZH8"
}