{
  "frame_number": 8190,
  "timestamp": 273.2732732732733,
  "ball_visibility_score": 0.40137253586781185,
  "video_id": "EG8Kvr2mZH8"
}