{
  "frame_number": 2254,
  "timestamp": 75.20854187520854,
  "ball_visibility_score": 0.47576130668388433,
  "video_id": "EG8Kvr2mZH8"
}