{
  "frame_number": 7420,
  "timestamp": 247.58091424758092,
  "ball_visibility_score": 0.5572426889769574,
  "video_id": "EG8Kvr2mZH8"
}