{
  "frame_number": 7728,
  "timestamp": 257.8578578578579,
  "ball_visibility_score": 0.4893269191260087,
  "video_id": "EG8Kvr2mZH8"
}