{
  "frame_number": 6622,
  "timestamp": 220.9542876209543,
  "ball_visibility_score": 0.5428478617671453,
  "video_id": "EG8Kvr2mZH8"
}