{
  "frame_number": 7266,
  "timestamp": 242.44244244244246,
  "ball_visibility_score": 0.5623657133549496,
  "video_id": "EG8Kvr2mZH8"
}