{
  "frame_number": 7406,
  "timestamp": 247.11378044711378,
  "ball_visibility_score": 0.5548416571345506,
  "video_id": "EG8Kvr2mZH8"
}