{
  "frame_number": 1120,
  "timestamp": 37.37070403737071,
  "ball_visibility_score": 0.39803256136234916,
  "video_id": "EG8Kvr2mZH8"
}