{
  "frame_number": 5964,
  "timestamp": 198.998998998999,
  "ball_visibility_score": 0.7544857514159218,
  "video_id": "EG8Kvr2mZH8"
}