{
  "frame_number": 6888,
  "timestamp": 229.82982982982983,
  "ball_visibility_score": 0.44666849947513726,
  "video_id": "EG8Kvr2mZH8"
}