{
  "frame_number": 6482,
  "timestamp": 216.28294961628296,
  "ball_visibility_score": 0.4996898448069464,
  "video_id": "EG8Kvr2mZH8"
}