{
  "frame_number": 7854,
  "timestamp": 262.06206206206207,
  "ball_visibility_score": 0.48087698088091585,
  "video_id": "EG8Kvr2mZH8"
}