{
  "frame_number": 7714,
  "timestamp": 257.39072405739074,
  "ball_visibility_score": 0.4928410826934668,
  "video_id": "EG8Kvr2mZH8"
}