{
  "frame_number": 8638,
  "timestamp": 288.2215548882216,
  "ball_visibility_score": 0.3855476608587301,
  "video_id": "EG8Kvr2mZH8"
}