{
  "frame_number": 6398,
  "timestamp": 213.48014681348016,
  "ball_visibility_score": 0.35306414008166853,
  "video_id": "EG8Kvr2mZH8"
}