{
  "frame_number": 8204,
  "timestamp": 273.7404070737404,
  "ball_visibility_score": 0.45976132556420174,
  "video_id": "EG8Kvr2mZH8"
}