{
  "frame_number": 770,
  "timestamp": 25.69235902569236,
  "ball_visibility_score": 0.47443828738796734,
  "video_id": "EG8Kvr2mZH8"
}