{
  "frame_number": 6958,
  "timestamp": 232.1654988321655,
  "ball_visibility_score": 0.3920819122300466,
  "video_id": "EG8Kvr2mZH8"
}