{
  "frame_number": 5474,
  "timestamp": 182.6493159826493,
  "ball_visibility_score": 0.301570362529871,
  "video_id": "EG8Kvr2mZH8"
}