{
  "frame_number": 504,
  "timestamp": 16.816816816816818,
  "ball_visibility_score": 0.4247695631157514,
  "video_id": "EG8Kvr2mZH8"
}