{
  "frame_number": 6636,
  "timestamp": 221.42142142142143,
  "ball_visibility_score": 0.4615145897621542,
  "video_id": "EG8Kvr2mZH8"
}