{
  "frame_number": 6188,
  "timestamp": 206.47313980647314,
  "ball_visibility_score": 0.544676776846414,
  "video_id": "EG8Kvr2mZH8"
}