{
  "frame_number": 2002,
  "timestamp": 66.80013346680013,
  "ball_visibility_score": 0.5150328711433767,
  "video_id": "EG8Kvr2mZH8"
}