{
  "frame_number": 7504,
  "timestamp": 250.38371705038372,
  "ball_visibility_score": 0.5254011850889244,
  "video_id": "EG8Kvr2mZH8"
}