{
  "frame_number": 7756,
  "timestamp": 258.79212545879216,
  "ball_visibility_score": 0.4893269191260087,
  "video_id": "EG8Kvr2mZH8"
}