{
  "frame_number": 6468,
  "timestamp": 215.81581581581582,
  "ball_visibility_score": 0.59746162375251,
  "video_id": "EG8Kvr2mZH8"
}