{
  "frame_number": 7868,
  "timestamp": 262.5291958625292,
  "ball_visibility_score": 0.44231497825192984,
  "video_id": "EG8Kvr2mZH8"
}