{
  "frame_number": 7182,
  "timestamp": 239.63963963963965,
  "ball_visibility_score": 0.5583599460511399,
  "video_id": "EG8Kvr2mZH8"
}