{
  "frame_number": 6286,
  "timestamp": 209.74307640974308,
  "ball_visibility_score": 0.42322550287608257,
  "video_id": "EG8Kvr2mZH8"
}