{
  "frame_number": 8218,
  "timestamp": 274.20754087420755,
  "ball_visibility_score": 0.46346920234879474,
  "video_id": "EG8Kvr2mZH8"
}