{
  "frame_number": 1134,
  "timestamp": 37.83783783783784,
  "ball_visibility_score": 0.40446246262672103,
  "video_id": "EG8Kvr2mZH8"
}