{
  "frame_number": 4774,
  "timestamp": 159.29262595929262,
  "ball_visibility_score": 0.44326925158377994,
  "video_id": "EG8Kvr2mZH8"
}