{
  "frame_number": 448,
  "timestamp": 14.948281614948282,
  "ball_visibility_score": 0.3325952215664806,
  "video_id": "EG8Kvr2mZH8"
}