{
  "frame_number": 7700,
  "timestamp": 256.9235902569236,
  "ball_visibility_score": 0.4957005241551367,
  "video_id": "EG8Kvr2mZH8"
}