{
  "frame_number": 8582,
  "timestamp": 286.35301968635304,
  "ball_visibility_score": 0.32909686504308805,
  "video_id": "EG8Kvr2mZH8"
}