{
  "frame_number": 5950,
  "timestamp": 198.53186519853188,
  "ball_visibility_score": 0.7472951006907504,
  "video_id": "EG8Kvr2mZH8"
}