{
  "frame_number": 1456,
  "timestamp": 48.581915248581915,
  "ball_visibility_score": 0.4228848378774469,
  "video_id": "EG8Kvr2mZH8"
}