{
  "frame_number": 7294,
  "timestamp": 243.37671004337673,
  "ball_visibility_score": 0.5590814684782806,
  "video_id": "EG8Kvr2mZH8"
}