{
  "frame_number": 7644,
  "timestamp": 255.05505505505508,
  "ball_visibility_score": 0.5007578387087344,
  "video_id": "EG8Kvr2mZH8"
}