{
  "frame_number": 7686,
  "timestamp": 256.45645645645646,
  "ball_visibility_score": 0.4936264503699079,
  "video_id": "EG8Kvr2mZH8"
}