{
  "frame_number": 6902,
  "timestamp": 230.29696363029697,
  "ball_visibility_score": 0.6500519084752678,
  "video_id": "EG8Kvr2mZH8"
}