{
  "frame_number": 3052,
  "timestamp": 101.83516850183517,
  "ball_visibility_score": 0.31894323744954317,
  "video_id": "EG8Kvr2mZH8"
}