{
  "frame_number": 826,
  "timestamp": 27.560894227560894,
  "ball_visibility_score": 0.3178060161050484,
  "video_id": "EG8Kvr2mZH8"
}