{
  "frame_number": 6272,
  "timestamp": 209.27594260927594,
  "ball_visibility_score": 0.38847123683596174,
  "video_id": "EG8Kvr2mZH8"
}