{
  "frame_number": 33,
  "timestamp": 1.376375,
  "ball_visibility_score": 0.44956431129546726,
  "video_id": "OpvX8sYZSgw"
}