{
  "frame_number": 1265,
  "timestamp": 52.761041666666664,
  "ball_visibility_score": 0.3969082736953023,
  "video_id": "OpvX8sYZSgw"
}