{
  "frame_number": 88,
  "timestamp": 3.6703333333333332,
  "ball_visibility_score": 0.6082965196509316,
  "video_id": "OpvX8sYZSgw"
}