{
  "frame_number": 22,
  "timestamp": 0.9175833333333333,
  "ball_visibility_score": 0.44340936483912685,
  "video_id": "OpvX8sYZSgw"
}