{
  "frame_number": 253,
  "timestamp": 10.552208333333333,
  "ball_visibility_score": 0.3738864446643864,
  "video_id": "OpvX8sYZSgw"
}