{
  "frame_number": 99,
  "timestamp": 4.129124999999999,
  "ball_visibility_score": 0.6082965196509316,
  "video_id": "OpvX8sYZSgw"
}