{
  "frame_number": 374,
  "timestamp": 15.598916666666666,
  "ball_visibility_score": 0.3148547209964721,
  "video_id": "OpvX8sYZSgw"
}