{
  "frame_number": 77,
  "timestamp": 3.2115416666666663,
  "ball_visibility_score": 0.6082965196509316,
  "video_id": "OpvX8sYZSgw"
}