{
  "frame_number": 682,
  "timestamp": 28.445083333333333,
  "ball_visibility_score": 0.38700280671621995,
  "video_id": "OpvX8sYZSgw"
}