{
  "frame_number": 1034,
  "timestamp": 43.126416666666664,
  "ball_visibility_score": 0.4782957564506898,
  "video_id": "OpvX8sYZSgw"
}