{
  "frame_number": 110,
  "timestamp": 4.587916666666667,
  "ball_visibility_score": 0.6082965196509316,
  "video_id": "OpvX8sYZSgw"
}