{
  "frame_number": 11,
  "timestamp": 0.45879166666666665,
  "ball_visibility_score": 0.4504833022184802,
  "video_id": "OpvX8sYZSgw"
}