{
  "frame_number": 1012,
  "timestamp": 42.20883333333333,
  "ball_visibility_score": 0.3004324862730824,
  "video_id": "OpvX8sYZSgw"
}