{
  "frame_number": 1067,
  "timestamp": 44.50279166666667,
  "ball_visibility_score": 0.40716677279562846,
  "video_id": "OpvX8sYZSgw"
}