{
  "frame_number": 1298,
  "timestamp": 54.13741666666666,
  "ball_visibility_score": 0.556857274023773,
  "video_id": "OpvX8sYZSgw"
}