{
  "frame_number": 1320,
  "timestamp": 55.05499999999999,
  "ball_visibility_score": 0.5057442556082238,
  "video_id": "OpvX8sYZSgw"
}