{
  "frame_number": 55,
  "timestamp": 2.2939583333333333,
  "ball_visibility_score": 0.45008534812214773,
  "video_id": "OpvX8sYZSgw"
}