{
  "frame_number": 44,
  "timestamp": 1.8351666666666666,
  "ball_visibility_score": 0.45008534812214773,
  "video_id": "OpvX8sYZSgw"
}