{
  "frame_number": 660,
  "timestamp": 27.527499999999996,
  "ball_visibility_score": 0.5626415170707654,
  "video_id": "OpvX8sYZSgw"
}