{
  "frame_number": 649,
  "timestamp": 27.06870833333333,
  "ball_visibility_score": 0.31712800500853283,
  "video_id": "OpvX8sYZSgw"
}