{
  "frame_number": 1309,
  "timestamp": 54.59620833333333,
  "ball_visibility_score": 0.5512472903024098,
  "video_id": "OpvX8sYZSgw"
}