{
  "frame_number": 4186,
  "timestamp": 139.67286666666666,
  "ball_visibility_score": 0.5451490979894671,
  "video_id": "VQ5WrgNwdT0"
}