{
  "frame_number": 4004,
  "timestamp": 133.60013333333333,
  "ball_visibility_score": 0.4287509561475275,
  "video_id": "VQ5WrgNwdT0"
}