{
  "frame_number": 4200,
  "timestamp": 140.14000000000001,
  "ball_visibility_score": 0.42816073105212493,
  "video_id": "VQ5WrgNwdT0"
}