{
  "frame_number": 4060,
  "timestamp": 135.46866666666668,
  "ball_visibility_score": 0.4774719970804069,
  "video_id": "VQ5WrgNwdT0"
}