{
  "frame_number": 4046,
  "timestamp": 135.00153333333333,
  "ball_visibility_score": 0.4239001569461464,
  "video_id": "VQ5WrgNwdT0"
}