{
  "frame_number": 658,
  "timestamp": 21.955266666666667,
  "ball_visibility_score": 0.49723343421489136,
  "video_id": "VQ5WrgNwdT0"
}