{
  "frame_number": 4088,
  "timestamp": 136.40293333333332,
  "ball_visibility_score": 0.5880075656793281,
  "video_id": "VQ5WrgNwdT0"
}