{
  "frame_number": 420,
  "timestamp": 14.014000000000001,
  "ball_visibility_score": 0.34844579477750703,
  "video_id": "VQ5WrgNwdT0"
}