{
  "frame_number": 5096,
  "timestamp": 170.03653333333332,
  "ball_visibility_score": 0.3511020396373563,
  "video_id": "VQ5WrgNwdT0"
}