{
  "frame_number": 5306,
  "timestamp": 177.04353333333333,
  "ball_visibility_score": 0.3279332319723171,
  "video_id": "VQ5WrgNwdT0"
}