{
  "frame_number": 1204,
  "timestamp": 40.17346666666667,
  "ball_visibility_score": 0.48880380565509574,
  "video_id": "VQ5WrgNwdT0"
}