{
  "frame_number": 3962,
  "timestamp": 132.19873333333334,
  "ball_visibility_score": 0.4189036433669181,
  "video_id": "VQ5WrgNwdT0"
}