{
  "frame_number": 644,
  "timestamp": 21.488133333333334,
  "ball_visibility_score": 0.4233571911426222,
  "video_id": "VQ5WrgNwdT0"
}