{
  "frame_number": 1246,
  "timestamp": 41.574866666666665,
  "ball_visibility_score": 0.4870023100605095,
  "video_id": "VQ5WrgNwdT0"
}