{
  "frame_number": 4172,
  "timestamp": 139.20573333333334,
  "ball_visibility_score": 0.6229699325345036,
  "video_id": "VQ5WrgNwdT0"
}