{
  "frame_number": 4130,
  "timestamp": 137.80433333333335,
  "ball_visibility_score": 0.536850737699345,
  "video_id": "VQ5WrgNwdT0"
}