{
  "frame_number": 4144,
  "timestamp": 138.27146666666667,
  "ball_visibility_score": 0.5455465621839822,
  "video_id": "VQ5WrgNwdT0"
}