{
  "frame_number": 4102,
  "timestamp": 136.87006666666667,
  "ball_visibility_score": 0.5301831098315487,
  "video_id": "VQ5WrgNwdT0"
}