{
  "frame_number": 238,
  "timestamp": 7.941274607941275,
  "ball_visibility_score": 0.529977804337239,
  "video_id": "3KPh8U416kE"
}