{
  "frame_number": 224,
  "timestamp": 7.474140807474141,
  "ball_visibility_score": 0.5313018536660906,
  "video_id": "3KPh8U416kE"
}