{
  "frame_number": 266,
  "timestamp": 8.875542208875542,
  "ball_visibility_score": 0.5275270432071429,
  "video_id": "3KPh8U416kE"
}