{
  "frame_number": 252,
  "timestamp": 8.408408408408409,
  "ball_visibility_score": 0.5291602528903382,
  "video_id": "3KPh8U416kE"
}