{
  "frame_number": 294,
  "timestamp": 9.80980980980981,
  "ball_visibility_score": 0.5275270432071429,
  "video_id": "3KPh8U416kE"
}