{
  "frame_number": 280,
  "timestamp": 9.342676009342677,
  "ball_visibility_score": 0.5275270432071429,
  "video_id": "3KPh8U416kE"
}